VariantName,GrowthRate,GrowthRateStd,Rank
BA.2.75.2,9.383841721084671,0.32592009662727756,1
BM.1.1,9.382582032350433,0.3256165903530011,2
BL.1,9.377302139430604,0.3245671019940871,3
BN.1,9.376539658353815,0.3244454801493809,4
BM.2,9.376255996510276,0.324308914161979,5
BA.5.2.6,9.256839276465884,0.30148787854174663,6
BA.5.2.13,9.25672511507555,0.3017139538635797,7
BA.2.75.4,9.202488630710551,0.32816980276042224,8
BF.7,9.12910148237782,0.3127859610678377,9
BF.11,9.071939331793914,0.3016034785515371,10
BQ.1.1,9.04976341020422,0.3407332931392848,11
BE.1.2,8.965894289479575,0.304247486073896,12
BU.1,8.944171742179268,0.3298527416280647,13
BA.5.1.18,8.926843887860183,0.3010188815656545,14
BA.5.1.20,8.926706423823642,0.3003377743419065,15
BM.4.1,8.775709988289147,0.3249780443704369,16
BM.1,8.775497606249669,0.32457989256758146,17
BA.2.75.1,8.770217713329988,0.32351642386705004,18
BA.2.75.5,8.76938721378512,0.3233595498788025,19
BM.4,8.769383952449104,0.3236080621479328,20
BN.2,8.769358881903395,0.323876268286481,21
BM.3,8.769171570409712,0.3232782052860102,22
BA.2.75.3,8.769171570409712,0.3232782052860102,23
BA.2.75,8.769104151391483,0.32328903953727917,24
BA.5.1.21,8.690959222766658,0.3062040644380796,25
BT.1,8.690940274062227,0.30661661881550734,26
BF.13,8.689261549292882,0.32243364231514,27
BA.4.6.1,8.663663113506226,0.3082443134299877,28
BA.5.2.12,8.65188757014132,0.30052328130214134,29
BA.5.2.14,8.65076553040679,0.30074392381593656,30
BA.5.2.10,8.650536620748609,0.30065835408762126,31
BA.5.2.7,8.650258484714438,0.3003603091043503,32
BA.5.2.17,8.65011457408895,0.30084872465910145,33
BA.5.2.8,8.649781491690211,0.30023221600017175,34
BA.5.2.15,8.649776645253082,0.301293589785778,35
BA.5.2.16,8.649639216198844,0.30030135053411305,36
BA.5.2.11,8.6496353462318,0.30037533465678706,37
BA.5.2.3,8.649412246357066,0.30017851312565563,38
BA.4.6,8.639550335827671,0.302736516290699,39
BA.4.1.8,8.63935696157695,0.302912927860207,40
BA.4.1.9,8.63935696157695,0.302912927860207,41
BF.14,8.59676229759451,0.3023335909625657,42
BA.5.2,8.580417371113484,0.3132417683940258,43
BA.5.2.1,8.483938881606978,0.30497355985733093,44
BF.3.1,8.483544253435058,0.3086119564904356,45
BF.10,8.473416117817171,0.30097424698790176,46
BF.5,8.469933248834872,0.30083024588167206,47
BF.22,8.467731993012775,0.30132796163265513,48
BF.15,8.466020732032433,0.30082293730369447,49
BF.16,8.465798821434284,0.30064078807165273,50
BF.23,8.465789217908753,0.3004607028054248,51
BA.5.2.9,8.465561766376153,0.30035241590529743,52
BF.21,8.46551729861501,0.30055208790382903,53
BF.18,8.465228714731271,0.30054500544811064,54
BF.6,8.465156542188831,0.30045572452529673,55
BF.9,8.46504358381798,0.30049163406883306,56
BF.4,8.464918520767307,0.3003073316048414,57
BF.17,8.464827513636413,0.3010477970114546,58
BF.20,8.4647285927554,0.3004135455379811,59
BF.8,8.464567898934297,0.3003806272049621,60
BF.3,8.464330133030439,0.3007134538049344,61
BA.5.2.5,8.464121531092596,0.30127969605767596,62
BA.5.2.4,8.46334102089014,0.30059101220121837,63
BF.2,8.46329955281628,0.300716156129876,64
BA.5.2.2,8.449165621390367,0.30310489200504304,65
BS.1,8.447773714327468,0.33960738985323063,66
BQ.1,8.442348296237165,0.33901492257812,67
BA.5.6.2,8.380895147825454,0.31107871782924756,68
BA.5.6.1,8.37461271142461,0.3055777011037666,69
BE.1.1,8.359127567057987,0.3030117330249393,70
BE.1,8.359117455206443,0.30311836023726885,71
BA.5.3.1,8.356633852281863,0.30306641160925174,72
BE.2,8.356633852281863,0.30306641160925174,73
BE.3,8.35164614318191,0.303470304284174,74
BA.5.6,8.348823345017468,0.30245679254372093,75
BA.5.1.7,8.341088347164233,0.304622182728067,76
BA.5.9,8.340762875240191,0.3043474456522041,77
BA.5,8.339837435619273,0.30269929786565086,78
BA.5.1.10,8.327909316196642,0.30009890595227384,79
BK.1,8.327909316196642,0.30009890595227384,80
BA.5.1.17,8.32450644728579,0.30031494368421613,81
BA.5.10,8.322275923729661,0.2994071254417502,82
BA.5.1.2,8.32206503275902,0.29910966473618955,83
BA.5.1.6,8.321873737983987,0.29914202774282567,84
BA.5.1.9,8.32178308041155,0.29908111301715923,85
BA.5.1.12,8.32086212654444,0.2989855093830029,86
BA.5.1.3,8.320503887265843,0.29880867969942615,87
BA.5.1,8.320501370677098,0.29875345319335306,88
BA.5.7,8.320434715990155,0.2995639096781869,89
XAZ,8.320378388541398,0.29915180902474875,90
BA.5.1.14,8.320368197422994,0.29879392443780317,91
BA.5.1.13,8.320177170024131,0.2992809175950922,92
BA.5.1.15,8.320096643380584,0.29906002530557213,93
BA.5.1.5,8.319924246578372,0.298743258678923,94
BA.5.1.19,8.319749504115121,0.29861242527416587,95
BA.5.1.1,8.319749504115121,0.29861242527416587,96
BA.5.1.8,8.319590207212753,0.2989546020077152,97
BA.5.1.4,8.318713967533983,0.2990788078319791,98
BA.5.1.16,8.317408945744152,0.299591180490374,99
XAV,8.316275287067715,0.2993146045956209,100
XAN,8.314735810831143,0.2995493647975212,101
BA.5.8,8.312987652558181,0.2998103146106449,102
BE.1.3,8.280391172537811,0.3193390391777622,103
BA.5.1.11,8.26159845110576,0.3065127955026334,104
BA.4.7,8.257939396620367,0.32338483498301196,105
BF.1.1,8.228095491312473,0.3080901898683592,106
XAJ,8.181835693418265,0.3112947860937296,107
BA.5.5.1,8.169680960111478,0.29993933756632524,108
BA.5.5.3,8.169138948721212,0.2998328858714803,109
BA.5.5.2,8.16845341628464,0.29952878939932503,110
BA.5.5,8.168222534085492,0.29953238044562286,111
BF.1,8.166482638454085,0.3025435352612534,112
BA.4.1.1,8.152950893208686,0.35121372438067516,113
BE.1.1.1,8.147351806645414,0.31046621732541724,114
BA.4.1.3,8.144007562957803,0.307342611016328,115
BA.4.4,8.088770704754111,0.30475175781278047,116
BA.4.1.7,8.045367567690285,0.30546978559132193,117
BA.5.3.4,8.044595382112343,0.30543994603481994,118
BA.5.3.3,8.044313528474094,0.30534846808011373,119
BA.5.3,8.042901073177571,0.3050637027783348,120
BA.4.3,8.032396011127247,0.30188988452191284,121
BA.4.5,8.032389071838354,0.302144258568726,122
BA.4.1.5,8.032355110389766,0.3018040241245919,123
BA.4,8.03231127448284,0.301661891140634,124
BA.4.1.4,8.032276824751387,0.30177757740064454,125
BA.4.1.6,8.032272535476448,0.3017694004613041,126
BA.4.1,8.032272535476448,0.3017694004613041,127
BA.4.2,8.031952087749948,0.3017976034586724,128
XAS,8.029581308412558,0.30412313741636104,129
BA.4.1.2,8.025866440410631,0.30528226568588,130
BA.4.8,8.025385597706281,0.3031041590541155,131
BA.5.3.2,8.025315836631076,0.3084622309759625,132
BA.2.3.20,8.01237081042991,0.3407318302869297,133
BF.19,8.006501335996457,0.29322082081786116,134
BF.12,7.977026424963324,0.30275570682124026,135
BH.1,7.888323738401167,0.3068187355008999,136
BA.2.74,7.818615907948152,0.30513472658841684,137
BP.1,7.81137956481652,0.3088915705379027,138
BA.2.76.1,7.707330302980568,0.34302785720327306,139
BA.2.76.2,7.705424499242636,0.3436505375831826,140
BA.2.38.1,7.674233498685417,0.30808646755571156,141
BA.2.82,7.643843820970332,0.30609600158976974,142
BA.2.10.4,7.614634524874677,0.31176087065116365,143
BA.2.76,7.606773145135254,0.31732240377287,144
BA.2.77,7.575667284403756,0.3152532714232699,145
BG.2,7.445028537771821,0.31098550276252634,146
BA.2.38.3,7.409632785033145,0.3060117936084653,147
BA.2.12.1,7.356989830696097,0.312067872673585,148
BG.4,7.35232283865769,0.3048175741154696,149
BG.6,7.35196310537721,0.3042950359773627,150
BG.5,7.351505722165591,0.303700446926935,151
BG.3,7.351090727869398,0.30427151811338227,152
BG.1,7.349662474117589,0.30470641033116624,153
BA.2.38.2,7.344061981563216,0.30075028665391706,154
BA.2.18,7.337343555130086,0.29878342470633307,155
BA.2.38,7.337330134381668,0.2987768694588934,156
BA.2.40.1,7.337330134381668,0.2987768694588934,157
BA.2.3.19,7.329029092097249,0.30001084544545925,158
BA.2.80,7.324638665510597,0.3042158081631408,159
BA.2.9.4,7.324054576343629,0.30265838268739315,160
BA.2.9.6,7.218182549496941,0.30561618642362076,161
BA.2.13.1,7.215653046590231,0.3049469247198806,162
BA.2.13,7.211531481847803,0.30390986466511255,163
BA.2.56.1,7.211285605335492,0.30395415451647095,164
BA.2.9.1,7.209516160064448,0.3045931893518877,165
BA.2.35,7.15039710209629,0.3045806207608516,166
BA.2.11,7.142399701545617,0.30627087929524305,167
BJ.1,7.134181200056297,0.3332614718861782,168
BA.2.73,7.07025452360556,0.317060184724322,169
BA.2.71,7.057665589287592,0.30546468477964434,170
BA.2.9.3,7.057665589287592,0.30546468477964434,171
BA.2.61,7.057665589287592,0.30546468477964434,172
BA.2.79.1,7.05586280273497,0.31137852371997143,173
BA.2.48,7.055567097037038,0.3100002792288093,174
BA.2.54,7.05223381944735,0.3099114233019018,175
BA.2.55,7.038788257713084,0.3046903345214541,176
BA.2.42,7.037908649383779,0.3045167568624957,177
BA.2.36,7.036542359330888,0.3040996275836121,178
BA.2.19,6.990516174623346,0.31439142151120875,179
BA.2.56,6.9694569415759275,0.3880103643637496,180
BA.2.53,6.939010807124137,0.3310885101321465,181
BA.2,6.936139465442728,0.5971679902064357,182
XAC,6.90453938704463,0.30573792003351263,183
BA.2.12.2,6.875471605100635,0.3089377104700734,184
BA.2.12,6.872958173818407,0.3084354028907401,185
BA.2.52,6.8521049805325625,0.3277585299329474,186
BA.2.10.3,6.8389742608187785,0.3054855083593467,187
BA.2.70,6.828014977608831,0.3265060096556228,188
BA.2.43,6.801115615452758,0.32108472435718544,189
BA.2.44,6.797845904023858,0.3207546567036517,190
BA.2.58,6.7818921730634765,0.30568777120158735,191
XW,6.756595514845895,0.30710609857207494,192
XAR,6.753392369508566,0.3069492029274887,193
XN,6.753174612032679,0.3067510719027022,194
XAU,6.753150602526187,0.3066607973859475,195
XAG,6.752220415263087,0.30641389126591834,196
XAB,6.752220415263087,0.30641389126591834,197
XR,6.7520965155200106,0.306478080982448,198
XZ,6.751732548559726,0.302897143807274,199
XAP,6.751689782693292,0.30273213570784346,200
XAD,6.751628728527441,0.30291353132630844,201
XAM,6.751292867575736,0.30651238520624535,202
XAA,6.75116512258537,0.30678757482317376,203
BA.2.23.1,6.74914519218352,0.30539558017195123,204
BA.2.63,6.747703676185413,0.30910767969387354,205
BA.2.23,6.745687690855104,0.304442339167151,206
XAT,6.742286969676456,0.3037176780188833,207
XAH,6.741830631290861,0.30533677451029634,208
XT,6.733191845737025,0.31030645046044514,209
BA.2.72,6.7220629127038025,0.30281102958039446,210
BA.2.50,6.7220629127038025,0.30281102958039446,211
BA.2.79,6.7212211200594885,0.3026541855878947,212
BA.2.15,6.720920868321686,0.3019089989071817,213
BA.2.16,6.720425773370015,0.30227679315199596,214
BA.2.47,6.7192365519145145,0.30226884497805184,215
BA.2.59,6.718771951242057,0.3021505912009043,216
BA.2.81,6.718705464375408,0.3018802121960336,217
BA.2.1,6.718387982616721,0.30145908898016543,218
BA.2.2,6.718304210036627,0.30173931696217376,219
BA.2.46,6.718287970749636,0.3019082036943148,220
BA.2.60,6.718210870367228,0.3017502446790335,221
BA.2.2.1,6.718192263923664,0.30210031958905414,222
BA.2.29,6.717909139932464,0.3017139233287863,223
BA.2.66,6.717731336261454,0.30255123437321013,224
BA.2.64,6.717721869898382,0.30165308167181654,225
BA.2.78,6.717675675535679,0.30147133422083794,226
BA.2.27,6.717672101853599,0.301793802752573,227
BA.2.65,6.717568146981696,0.3014110094655359,228
BA.2.41,6.717530074810421,0.30155682340931317,229
BA.2.9.2,6.71751836546313,0.30136293207865017,230
BA.2.22,6.717422990438754,0.30149123577981934,231
BA.2.21,6.717302321656951,0.301459906428489,232
BA.2.8,6.717290369109272,0.3013839613621465,233
BA.2.30,6.717262216367905,0.3014996329261275,234
BA.2.14,6.717216974386469,0.30134061991408295,235
BA.2.20,6.717184587170378,0.30146583371167546,236
BA.2.17,6.717167638536146,0.30155303471977885,237
BA.2.57,6.717074669645041,0.3013981891851778,238
BA.2.9.5,6.7170621051859,0.30141342802327575,239
BA.2.39,6.717041863819002,0.3024765827281142,240
BA.2.67,6.717016947285589,0.30160548053375097,241
BA.2.69,6.7170118195399935,0.30182422246740526,242
BA.2.31,6.716996993936554,0.30134022795725934,243
BA.2.45,6.716970150243405,0.30130475484484187,244
BA.2.68,6.716970150243405,0.30130475484484187,245
BA.2.40,6.716970150243405,0.30130475484484187,246
BA.2.49,6.716970150243405,0.30130475484484187,247
BA.2.32,6.71696822210543,0.3013388148564999,248
BA.2.62,6.716916452667742,0.30155003960651955,249
BA.2.28,6.716872063796631,0.3017704662973877,250
BA.2.34,6.716865036623613,0.3013551522783385,251
BA.2.5,6.7168486327084125,0.30130582061487854,252
BA.2.51,6.716836302205023,0.30140549470831685,253
BA.2.37,6.716823782143895,0.30133084675304334,254
BA.2.26,6.71678327424386,0.30139175704734605,255
BA.2.4,6.716738377626245,0.3014194508909117,256
BA.2.6,6.716543910691885,0.30136062310818895,257
BA.2.33,6.716273160736212,0.30152007654413643,258
BA.2.24,6.715407733409726,0.3013189709113407,259
XAE,6.715115876721158,0.3051720806043436,260
BA.2.7,6.714718258325176,0.301792028012594,261
BA.2.3.2,6.71459590027169,0.303266683258401,262
BA.2.25,6.713846159105107,0.3022220384084399,263
BA.2.25.1,6.713803474866149,0.3023343572114344,264
BA.2.3.7,6.711209453212787,0.3028755540276212,265
BA.2.3.12,6.710058213243743,0.30229956844280276,266
BA.2.3,6.7095543065390215,0.3019407277723518,267
BA.2.3.6,6.7094979996442055,0.30217844367015806,268
BA.2.3.14,6.709254764891514,0.3021495635560016,269
BA.2.3.1,6.708893928890186,0.30219620754160315,270
BA.2.3.16,6.708861991213075,0.30197694744852,271
BA.2.3.11,6.708850465506544,0.3020236327548057,272
BA.2.3.9,6.708811160861087,0.3021215026316695,273
BA.2.3.5,6.708735333281175,0.3020353687631434,274
BA.2.3.8,6.7087178618329935,0.30202717276596924,275
BA.2.3.10,6.708601291700987,0.302097597225493,276
BA.2.3.4,6.7085677128913845,0.30217871965356013,277
BA.2.3.18,6.708433371250028,0.3035245731285565,278
BA.2.3.15,6.7084082526866124,0.3020674735091017,279
BA.2.3.17,6.707925070995676,0.30226623022089527,280
BA.2.3.13,6.707567337226572,0.30222052697732193,281
XL,6.707072268634022,0.3103508353248505,282
XU,6.704972828642038,0.30958101777731295,283
XG,6.702624906610265,0.3095678140063608,284
BA.2.9,6.701242191654171,0.31501008707932454,285
XH,6.674576066898779,0.3198588353246172,286
XQ,6.6385302661092505,0.30755454720858105,287
XV,6.563048101012103,0.3139833265528394,288
XY,6.563040755838246,0.3139801592302697,289
XAF,6.562387317877866,0.31450382676685396,290
BA.2.10,6.523287315128886,0.3039401628548161,291
BA.2.10.2,6.519642000495914,0.3028234267310079,292
BA.2.10.1,6.51936141628344,0.30270717120258445,293
XJ,6.51639851112926,0.31305881795625307,294
XE,6.515800514391019,0.31295804832950286,295
XAK,6.455379266411759,0.34438265380977146,296
XAL,6.452659770787485,0.3139777131490252,297
XM,6.451080877807614,0.31364856545329045,298
XAQ,6.451080877807614,0.31364856545329045,299
BA.3.1,6.234961807950107,0.3082127072101365,300
XAY,6.052156121760313,0.31306466085639206,301
XK,5.992942574102735,0.30383402516111374,302
B.1.1.529,5.974765733283378,1.1014703152787642,303
BA.1.23,5.871029700352797,0.2819973098873746,304
XP,5.847011622594885,0.28120881457740904,305
XS,5.686714619301908,0.2859557396508039,306
BA.1.1.17,5.653789907762415,0.28063861764838144,307
BA.1.1.4,5.651050414601577,0.27884532308009496,308
BA.1.1.10,5.64940502686544,0.2785880606612535,309
BA.1.1.12,5.649383232348,0.27882576969279504,310
BA.1.1.9,5.649375695174298,0.27881106058125377,311
BA.1.1.16,5.649337089911487,0.2785342268155939,312
BA.1.1.7,5.649276892637699,0.27853132805082875,313
BC.2,5.649188939821835,0.27937918530720585,314
BA.1.1.1,5.649150707034928,0.2784949224541482,315
BA.1.1.8,5.649124070542732,0.27867658024428427,316
BA.1.1.6,5.64901586926971,0.2788990885649847,317
BA.1.1.5,5.648633835988122,0.2791404794409443,318
BA.1.1.13,5.648550608015632,0.2787373774974372,319
BA.1.1.15,5.646673917717801,0.2791647551451824,320
BA.1.1.14,5.644949383286681,0.2793704912324494,321
BC.1,5.644924878268378,0.2799483907755985,322
BA.1.1.3,5.640203381291491,0.28139680385847404,323
BA.1.1.2,5.621360271996038,0.28499388821064864,324
BA.1.1,5.617985038675896,0.28918632253288096,325
BA.3,5.614530970855974,0.3114469517461354,326
XBA,5.571328184102243,0.3165325818327667,327
BA.1.1.18,5.548914447353637,0.2792171422918339,328
BA.1.13.1,5.5096704561408245,0.30136895832689403,329
BA.1.9,5.440789884923582,0.2857180978639072,330
BA.1.18,5.405240621212731,0.31544215838920653,331
BA.1.15.2,5.353956165040935,0.27966563935539446,332
BA.1.15.3,5.35291579142139,0.27945192897192,333
BA.1.15,5.352849697116381,0.2794784587540395,334
BA.1.15.1,5.347143429825575,0.28043077152956347,335
BA.1,5.299327447544588,0.3091817678743224,336
BA.1.1.11,5.296645704346705,0.28432673872430936,337
XF,5.293940202792896,0.28196252839495856,338
BA.1.8,5.286745195777736,0.27795206136803596,339
BA.1.24,5.2866774340918505,0.2786244956104889,340
BA.1.3,5.285610731602892,0.2780301142249581,341
BA.1.14.2,5.285423743187817,0.2780731876307015,342
BA.1.6,5.285378112002725,0.2777620467142776,343
BA.1.5,5.285374458635156,0.277763474950124,344
BA.1.20,5.28532019990765,0.27768307191081837,345
BA.1.16.1,5.285296555191921,0.27814065983829483,346
BA.1.12,5.2852671194880685,0.2777135035962627,347
BA.1.16,5.285266718318512,0.2776630154852244,348
BA.1.22,5.285266718318512,0.2776630154852244,349
BA.1.10,5.285262354340525,0.277666515907502,350
BA.1.14.1,5.285211340840647,0.2776746930634207,351
BA.1.14,5.285211340840647,0.2776746930634207,352
BA.1.16.2,5.285158147994611,0.27790224824643817,353
BA.1.19,5.28510459385146,0.2777527456608425,354
BA.1.2,5.285004560123662,0.27788296473202223,355
BA.1.7,5.284924617479572,0.27803835277990036,356
BA.1.21,5.284776560770755,0.2777984071903958,357
BA.1.21.1,5.28468041365241,0.2779013209313783,358
BA.1.13,5.283655912488039,0.2779680459272248,359
BA.1.4,5.2818564442576905,0.2788444095605956,360
BA.1.17.2,5.2778440162849405,0.2839813073458503,361
BD.1,5.270470660748796,0.2817155017875828,362
BA.1.17.1,5.238009239574492,0.28081348584240684,363
BA.1.17,5.237079962884799,0.2807533426462536,364
XAW,5.111222010009647,0.30524548296639625,365
XD,4.58175513787729,0.24558851200455137,366
AY.130,3.66571632742264,0.17637034384886396,367
AY.127.2,3.655174762493943,0.15137394351219607,368
AY.127.1,3.654606734945405,0.1504549203230656,369
AY.33.2,3.6451956854585976,0.1465675564779011,370
AY.29.2,3.6182705724287847,0.1788837346429746,371
AY.4.2.2,3.6177837673774276,0.14184105507153844,372
AY.39.1.4,3.607259975429288,0.16480193106890345,373
AY.25.1.1,3.601885779603458,0.15111820447178617,374
AY.43.3,3.600839730691474,0.16765458602253008,375
AY.127.3,3.5987377384116583,0.13755751372732236,376
AY.23.1,3.5906184998759265,0.15666011231971208,377
AY.33.1,3.572413305247081,0.15775685960639038,378
AY.4.2.4,3.559100664444605,0.13606881920332198,379
AY.4.2.1,3.553467255959571,0.13328177567327426,380
AY.4.2,3.552721440556436,0.1330476744060448,381
AY.4.2.5,3.5526988108616337,0.1328860476378471,382
AY.4.2.3,3.5526401620531667,0.1328867998293182,383
AY.119.1,3.5492919669319374,0.15996664263749072,384
AY.5.7,3.5472906951650884,0.15151209773677946,385
AY.127,3.5234563966687444,0.17862696093406674,386
AY.36.1,3.480215994271831,0.1517669513836823,387
AY.46.5,3.4776422499987723,0.2042701561901925,388
AY.34.2,3.453762374318471,0.15128615789627484,389
AY.39.1,3.4438090864198188,0.19315847077783554,390
AY.121.1,3.42401195663402,0.13782187684377464,391
AY.36,3.422270644374935,0.1469064660074067,392
AY.23,3.4095300501142742,0.19295933080745795,393
AY.4.17,3.40382429386718,0.1340513760086861,394
AY.34.1,3.398750711249427,0.13328746803535146,395
AY.34.1.1,3.3987103395813523,0.1333300142557869,396
AY.43.9,3.3972314824169927,0.13119928412854545,397
AY.43.6,3.396629548911083,0.1308120845816155,398
AY.43.4,3.3966165235312937,0.1308154921877337,399
AY.43.5,3.3958673532434718,0.13089723297981973,400
AY.43.8,3.395083957835239,0.129921160588135,401
AY.43.1,3.3947829994908645,0.13035576121550319,402
AY.109,3.394637560662464,0.15889900613050037,403
AY.43.7,3.3945486415897643,0.13020569875719587,404
AY.43.2,3.394162446944171,0.1310328661901084,405
B.1.640,3.3939420116923955,0.18222200632046828,406
AY.34,3.393935385013256,0.1348972582621504,407
AY.4.6,3.39142379781102,0.13212819023201408,408
AY.43,3.3910095204361914,0.13194071399911522,409
AY.4.10,3.3888074862053843,0.13217063286963712,410
AY.4.5,3.3869412563558816,0.13091394880121657,411
AY.4.15,3.3858634574370767,0.13140682628287292,412
AY.4.14,3.3858557488621948,0.13142590010224436,413
AY.4.16,3.385626529938164,0.131709474564669,414
AY.4.11,3.385468954851737,0.13079259922352446,415
AY.4.13,3.385432033443257,0.1313561184704635,416
AY.4.8,3.384735419752386,0.13166103348178673,417
AY.4,3.3846955706635806,0.13443193194868613,418
AY.4.9,3.3841754598816065,0.12998116119779377,419
AY.4.12,3.384146324170733,0.13056031520503364,420
AY.4.3,3.3840530566968274,0.13058334486492526,421
AY.4.1,3.383539972799608,0.13146695509539447,422
AY.4.4,3.3828877970232663,0.13099037633611424,423
AY.132,3.3798294339478177,0.14348225371509882,424
AY.126,3.370455402255029,0.1411928640682208,425
AY.131,3.368269681789976,0.1662171001811258,426
XC,3.3642286534283268,0.20760287468238042,427
AY.98.1,3.348802031558227,0.13330167530071563,428
AY.98.1.1,3.348252933280212,0.13357319203266046,429
AY.119.2,3.347213336508186,0.14599896611306085,430
B.1.637.1,3.340921525217323,0.18668749308500304,431
AY.46.6.1,3.339886649792609,0.13573803594973574,432
AY.3.3,3.339343366645608,0.1717807810709875,433
AY.46.3,3.3376937548145373,0.1347638693406554,434
AY.98,3.337273871220723,0.14361531690833518,435
AY.46,3.3367565899103875,0.13385392167661456,436
AY.46.6,3.336619097285612,0.13379505900100394,437
AY.46.2,3.336619097285612,0.13379505900100394,438
AY.46.1,3.336530959236207,0.13398435225884486,439
AY.46.4,3.33450102767137,0.1345670973630251,440
AY.116.1,3.3272878301091127,0.15025459700991936,441
AY.121,3.3268689103281592,0.15058933881092507,442
AY.125.1,3.3243301345736564,0.13675873510161515,443
AY.39.3,3.323081859288509,0.1569411486772391,444
AY.23.2,3.31973990141313,0.13969524597906613,445
AY.125,3.3140633125621357,0.1377765982785042,446
AY.103.1,3.312198833965049,0.13294206031342312,447
AY.103.2,3.311895550948854,0.13132042423574705,448
AY.41,3.311534051665192,0.13209298750103635,449
AY.103,3.310353641715124,0.13150432203266116,450
AY.129,3.303070420551702,0.14624559127914805,451
AY.122.3,3.2994416668369717,0.14042341545253625,452
AY.100,3.291825699587675,0.1363661584411165,453
AY.123.1,3.2874802636426783,0.14794369933411408,454
AY.122.6,3.284096975262356,0.13948947392220012,455
AY.124.1.1,3.2780865108072166,0.13930401857995625,456
AY.122.5,3.277800578682961,0.13330238576551923,457
AY.124.1,3.277404903483047,0.13889442024092902,458
AY.123,3.2772256232963963,0.14269373433253346,459
AY.122.4,3.275066964799746,0.13172805252866196,460
AY.122.2,3.27464722676347,0.13155204813498278,461
AY.128,3.2743317220123767,0.1359907936385452,462
AY.39.1.2,3.273020224422917,0.13991262959878667,463
AY.5.4,3.2717746775843466,0.13456941824252056,464
AY.124,3.270143962196753,0.13394378007926497,465
AY.33,3.268444588300511,0.13348645410844498,466
AY.84,3.2682120192209827,0.13382807134809124,467
AY.113,3.2668544223744,0.13222178956879718,468
AY.91.1,3.2624801061822937,0.13672776409419335,469
AY.29.1,3.262010952534963,0.13352937965003353,470
AY.25.1.2,3.2612536700809125,0.1312685669180919,471
AY.3,3.2609882971555337,0.13379361108453816,472
AY.25.1,3.2607490545665323,0.1303554412414011,473
AY.134,3.2606022165832487,0.13307564058059404,474
AY.120.1,3.25964617844287,0.1303533703347784,475
AY.25,3.2595351240820905,0.1336748080483772,476
AY.92,3.2584533017632142,0.13106269300329929,477
AY.112.2,3.2578977245380782,0.130876374753263,478
AY.117,3.2576725403765754,0.13079373791711693,479
AY.120,3.2568063802995018,0.13017373857524883,480
AY.9.2.2,3.2567667164315357,0.1253803036115363,481
AY.91,3.256683147171496,0.12991807514738912,482
AY.112.1,3.256062878123918,0.13109242886193959,483
AY.39.2,3.256041455851058,0.1296432424181729,484
AY.112,3.256040781267218,0.1296644597498672,485
AY.39.1.3,3.2559826751489043,0.13020707711162346,486
AY.112.3,3.2559657774577664,0.1305771859461658,487
AY.6,3.2556609212873013,0.12970532728800754,488
AY.107,3.2556337671325064,0.1299028402648798,489
AY.99.2,3.255577032859344,0.12941783867465104,490
AY.122,3.255435041476481,0.15226877002911138,491
AY.25.3,3.255366660002941,0.1295716669131442,492
AY.99.1,3.255323760971703,0.1294046281243457,493
AY.99,3.2553159596176164,0.12935160359160786,494
AY.39,3.255311213709956,0.12967160258124616,495
AY.106,3.25520122017893,0.12936895653268216,496
AY.87,3.255134547713856,0.13206038177816692,497
AY.9.2.1,3.2548816454010603,0.12418923874991561,498
AY.119,3.2548782520420327,0.12963883006423846,499
AY.108,3.2548345448004743,0.12980924481759526,500
AY.9.2,3.254819239754546,0.12435708902969093,501
AY.111,3.2547275417974664,0.12909908150638058,502
AY.3.4,3.254685987888544,0.13131773119512488,503
AY.90,3.254616629475576,0.12962992048547428,504
AY.39.1.1,3.2545208508514816,0.1297956884158919,505
AY.25.2,3.2545200749961607,0.1293290511032288,506
AY.102.2,3.254505252650013,0.1292480932322251,507
AY.80,3.254503568078882,0.12905144120780668,508
AY.114,3.2544531105700627,0.128993856495578,509
AY.102,3.2544531105700627,0.128993856495578,510
AY.116,3.2544531105700627,0.128993856495578,511
AY.79,3.2544531105700627,0.128993856495578,512
AY.45,3.2544531105700627,0.128993856495578,513
AY.7.2,3.25443152018014,0.12906258001895674,514
AY.7.1,3.2543959966710228,0.1290102173230257,515
AY.7,3.2543959966710228,0.1290102173230257,516
AY.122.1,3.254395052892073,0.12929753546001085,517
AY.29,3.25435279507314,0.12934456193883076,518
AY.83,3.2543248154094706,0.12915281065658743,519
AY.118,3.2543050551889174,0.1291507489012936,520
AY.104,3.254253968462302,0.1291270575510994,521
AY.32,3.254253968462302,0.1291270575510994,522
AY.105,3.2542467939529964,0.12947777584161557,523
AY.5.3,3.25424610040899,0.12970546469772237,524
AY.5.2,3.254238961110081,0.1290580678332089,525
AY.5.5,3.254238961110081,0.1290580678332089,526
AY.82,3.254234154941828,0.1302269257235529,527
AY.5.6,3.254192448123297,0.1315156357273294,528
AY.86,3.253973662509746,0.13004022354263892,529
AY.120.2,3.2537936872001305,0.12938595203830403,530
AY.120.2.1,3.2537936872001305,0.12938595203830403,531
AY.110,3.2534098441857418,0.12957709762271602,532
AY.5.1,3.253407881663882,0.12978023321498608,533
AY.3.2,3.25333290653487,0.13097199684686486,534
AY.3.1,3.253203035382451,0.1294444401950653,535
AY.94,3.252960633165612,0.12969245067004603,536
AY.22,3.252917653136549,0.12996834855321432,537
AY.5,3.252812759042167,0.13013862909906074,538
AY.85,3.252348088171161,0.13076333277802055,539
AY.76,3.2522156322592464,0.13313273847466944,540
AY.81,3.252083228837569,0.13201689677871836,541
AY.78,3.2520237921247106,0.1305276427879295,542
AY.44,3.25198026391379,0.15295344399809532,543
AY.101,3.2517116750448842,0.13078946857473167,544
AY.20.1,3.2515742389707167,0.13014034317143433,545
AY.102.1,3.2515703895971466,0.13036257285841826,546
AY.20,3.2515442485789308,0.12988682160964768,547
AY.42,3.251342627790619,0.13018872860346603,548
AY.88,3.2508066867817966,0.13053045606634558,549
AY.42.1,3.2463366832650897,0.1349128100365601,550
AY.95,3.241812910394169,0.13777755028542943,551
AY.21,3.230867505239919,0.1459040200074487,552
AY.77,3.208456694469543,0.15311319352090616,553
AY.47,3.1779703690079533,0.12918830017733024,554
AY.93,3.151651180921762,0.1616834378354923,555
B.1.640.1,3.137443720247991,0.14776502318592027,556
AY.4.7,3.131211043363365,0.13943725736895793,557
AY.27,3.115379642545594,0.14334615165322934,558
AY.9,3.1113630674012978,0.15839257197913226,559
AY.133,3.11055754701884,0.13298067452150716,560
AY.26.1,3.109916604653724,0.1311267437682169,561
AY.26,3.1079161948648384,0.12750763998079823,562
AY.69,3.082606293771736,0.13630045520303125,563
AY.72,3.0678067576889223,0.13699743026155314,564
AY.60,3.0635800586032405,0.1287823299283945,565
B.1.617.2,3.0602941006747324,0.29672105327344356,566
AY.73,3.056371876561173,0.12911341921929237,567
AY.56,3.0523323568889733,0.1253466698060652,568
AY.74,3.0441375588305615,0.12314483770983384,569
AY.57,3.042447057279178,0.12285069523619466,570
AY.70,3.0423110945567924,0.12345797405836352,571
AY.65,3.041326355125812,0.12208683366906449,572
AY.28,3.0411373692107637,0.12159376235091239,573
AY.68,3.041037945172841,0.12159691071517753,574
AY.64,3.040785742219521,0.12187363151044857,575
AY.63,3.040335320937624,0.12147827498267146,576
AY.75,3.040241527542593,0.1211789516840988,577
AY.37,3.040227931552544,0.12120393655492588,578
AY.38,3.0402019460389376,0.1211652081875744,579
AY.58,3.0402019460389376,0.1211652081875744,580
AY.75.2,3.0402019460389376,0.1211652081875744,581
AY.24,3.0402019460389376,0.1211652081875744,582
AY.62,3.0402019460389376,0.1211652081875744,583
AY.59,3.0402019460389376,0.1211652081875744,584
AY.55,3.0402019460389376,0.1211652081875744,585
AY.11,3.040110026213757,0.12210112177455075,586
AY.71,3.0400150162746877,0.12125107965850351,587
AY.24.1,3.03988086127803,0.12311175610199132,588
AY.61,3.0385993848415747,0.121955037310218,589
AY.67,3.038581139265853,0.12222136403031547,590
AY.66,3.037772627593562,0.1226197197542215,591
AY.75.3,3.0332655825493733,0.1272203826081852,592
AY.14,2.9941183322722917,0.13057970758994902,593
AY.54,2.9880171577382244,0.13055389456370164,594
AY.15,2.9862962607014176,0.13161604678414865,595
AY.10,2.97837542821978,0.14904136593718623,596
AY.51,2.93501003786855,0.13726158766192867,597
C.1.2,2.927475562920919,0.24713302203962312,598
AY.19,2.9254821280033507,0.13269116510855405,599
AY.50,2.916279390648148,0.1271687399337082,600
AY.16.1,2.9154289043647874,0.12683278146504715,601
AY.8,2.91313748047374,0.12601571970888634,602
AY.18,2.9129132798263946,0.12528350929285173,603
AY.13,2.9129132798263946,0.12528350929285173,604
AY.53,2.9129132798263946,0.12528350929285173,605
AY.16,2.9129132798263946,0.12528350929285173,606
AY.52,2.912202381592833,0.12663183821415167,607
AY.49,2.9118093663350155,0.12699803598454518,608
AY.17,2.8833579004371086,0.16072751845040162,609
AY.35,2.8110515237721967,0.11248861202309607,610
AY.1,2.810789730509089,0.13527439064875163,611
AY.48,2.791183314489158,0.109307523933953,612
B.1.640.2,2.76836024354763,0.19807080468077748,613
B.1.621.2,2.720221885692961,0.1575780107395731,614
BB.1,2.720221885692961,0.1575780107395731,615
AY.31,2.704910532051994,0.12734823254316247,616
AY.30,2.702254623807462,0.125042449376498,617
AY.40,2.7004286322182725,0.12650925104331157,618
B.1.604,2.66928478874542,0.17693501043061016,619
B.1.633,2.638404165123758,0.2056125300116248,620
C.38,2.6272953008519258,0.14213821690335035,621
AY.2,2.5979842940229845,0.12768746190595176,622
B.1.621,2.5170523751264846,0.091140263373682,623
BB.2,2.516631591746907,0.09516809752096118,624
B.1.621.1,2.5141787109467693,0.09230797438043799,625
P.1.8,2.479993433681321,0.12291084225680059,626
P.1.17.1,2.4669896051398115,0.1115492241877117,627
P.1.11,2.4617904934895747,0.11044389278387903,628
B.1.415.1,2.440689756996003,0.14188553342979654,629
B.1.638,2.4118931942292825,0.21788323057394415,630
B.1.632,2.3927060696655813,0.16917959328826354,631
P.1.12.1,2.3871484904614184,0.15369265558635328,632
C.36.3.1,2.363406445338421,0.0984994932330445,633
P.1.5,2.3319517245132584,0.1462424269720888,634
P.1.4,2.331911725407804,0.14617653854391913,635
B.1.631,2.2535505675265286,0.13503134207571582,636
P.1.9,2.2335679385655207,0.10951171209601526,637
P.1.7.1,2.230405256183398,0.09169941225183985,638
P.1.7,2.230405256183398,0.09169941225183985,639
P.1.6,2.230405256183398,0.09169941225183985,640
P.1.2,2.230306768075983,0.0960728254438894,641
B.1.619.1,2.225533486923728,0.08560432848423263,642
XB,2.224411518306058,0.10721164605246092,643
B.1.619,2.222712878793464,0.08552534963753287,644
B.1.1.523,2.1377896006828565,0.1342488236998364,645
C.36.3,2.136228296228699,0.08190962885630504,646
P.1.3,2.130281289121658,0.08445773027879387,647
B.1.617.3,2.1297824007549737,0.12452696926913445,648
P.1.10.1,2.1247399604814143,0.08025124471914084,649
P.1.15,2.124230191406404,0.07952985583400675,650
P.1.10,2.124230191406404,0.07952985583400675,651
P.1.12,2.124230191406404,0.07952985583400675,652
P.1.1,2.124230191406404,0.07952985583400675,653
P.1.17,2.124230191406404,0.07952985583400675,654
P.1.10.2,2.124126412514851,0.08078423533901094,655
P.1.13,2.123685495050558,0.08002743957577839,656
P.1.16,2.117488785562948,0.0839447718275662,657
P.1.14,2.109676134452605,0.08711199203456592,658
C.37.1,2.107999840545231,0.07880686630804244,659
C.37,2.106232974566674,0.08717643586646644,660
B.1.617.1,2.099941655634936,0.11680910471935584,661
P.1,2.0798455363994677,0.11103821578478607,662
B.1.617,2.073830790246887,0.10107049187415656,663
A.2.5.3,2.042613702070608,0.10481595066673946,664
B.1.575.2,2.029516947039224,0.11412736499028647,665
B.1.620,2.0185557429933745,0.10224878730063618,666
B.1.351.5,2.014056931425824,0.17164515929576102,667
B.1.626,1.9859192341343284,0.13788513750186582,668
B.1.634,1.97838693322386,0.14252793940167582,669
B.1.629,1.975281235667244,0.16103795767699153,670
A.30,1.9710993969751816,0.19153047083306282,671
B.1.635,1.9584915520424568,0.14063842245334127,672
B.1.243.2,1.9577254365359895,0.21731583963043305,673
Q.3,1.9510338943096581,0.0976874660270378,674
Q.6,1.936470990019481,0.1030754464728109,675
AZ.4,1.931535534960641,0.08663626672763093,676
B.1.625,1.9298236567939813,0.1588203243730372,677
AZ.2.1,1.925298254655122,0.08103768536250765,678
AZ.2,1.925176611002388,0.07946963162465785,679
AZ.1,1.923414504036865,0.07914011615282886,680
AZ.3,1.922868225848532,0.07903893954306201,681
B.1.1.318,1.9205011323431391,0.07788857741429765,682
Q.5,1.9203252017166288,0.09087383629173172,683
AZ.5,1.9185739887391184,0.07988389345512886,684
AZ.6,1.918450979262604,0.08523769295340113,685
Q.7,1.91500690548231,0.08655007413780808,686
Q.8,1.9132399137356728,0.08590605194032976,687
Q.1,1.9129094890758205,0.08494739418476088,688
Q.2,1.9095677251117036,0.08878535124696399,689
B.1.1.7,1.8906473289157568,0.1073869123803086,690
B.1.630,1.8693536649904725,0.16469050244857836,691
AT.1,1.8563722154687248,0.20340843182107535,692
B.1.637,1.85138074170171,0.11385631547820065,693
AV.1,1.8205025880586485,0.14716322226302314,694
XA,1.8175309244956293,0.12203975660865757,695
A.2.5,1.8141117619294995,0.08854346935935904,696
A.2.5.1,1.8133700451497987,0.08971851441233825,697
A.2.5.2,1.812599378952172,0.08944678489113024,698
B.1.351.3,1.807815276865816,0.12241877412201607,699
B.1.243.1,1.8005048958583814,0.10428133623190361,700
Q.4,1.799101975874756,0.08940301646917301,701
B.1.351.2,1.7922005408384898,0.1152964847371797,702
B.1.351,1.7853460935022312,0.12429667443679934,703
A.27,1.7780576715312046,0.1114179042124191,704
B.1.1.524,1.7759974738597568,0.19443835962008313,705
B.1.627,1.7720927467486265,0.11495870761474085,706
B.1.526,1.7531517054683816,0.14830247208901823,707
C.39,1.7498362015761122,0.15789124791869183,708
P.3,1.7308599020629,0.10184120292305122,709
B.1.525,1.7258853294776577,0.05875408934902647,710
B.1.1,1.70389204444269,0.9138084966284483,711
B.1.575,1.6681155286351876,0.07207949965777795,712
C.40,1.6614761780109857,0.09359625960376922,713
B.1.575.1,1.6578313740159063,0.07114792934871952,714
N.10,1.6564361402023928,0.2059041867090117,715
AU.2,1.653576723796218,0.14780204182478035,716
AU.3,1.6452199236246745,0.1447674865068452,717
B.1.1.528,1.593929126180937,0.14024139835714955,718
B.1.214.3,1.5829971778291982,0.15748097408587983,719
B.1.636,1.581207676065421,0.1341344681909298,720
B.1.623,1.5611370799952178,0.09178781389152346,721
B.1.641,1.516695294831601,0.16606962383463397,722
B.1.639,1.5147409474844378,0.12307519455729275,723
B.1.177.88,1.5082584438899835,0.056750821881641496,724
P.4,1.5050213154673124,0.08163411627837562,725
P.5,1.4954624297517771,0.1404238210652625,726
B.1.1.374,1.4808222416148915,0.04652808389916995,727
B.1.1.393,1.4706472503113186,0.05554118779123537,728
N.9,1.4696114458430678,0.05392513510900783,729
B.1.1.519,1.4686640413824132,0.04426256454426406,730
B.1.214.4,1.4480187183490727,0.13730700222052264,731
B.1.474,1.447246145203868,0.0976113634314189,732
P.6,1.4459463609049883,0.09385890341068252,733
B.1.466.2,1.4454423165292716,0.23876031751935237,734
B.1.1.487,1.4331932688731177,0.048533722498610564,735
C.16,1.432516861085146,0.053720643288117514,736
L.3,1.432185376733742,0.05244735686192795,737
R.1,1.4139580273889594,0.051085330579150594,738
B.1.429.1,1.381675734285241,0.0632199395432554,739
B.1.618,1.3811337826980483,0.07300559076606641,740
B.1.427,1.3748185881874804,0.04719438476148889,741
B.1.1.525,1.374505822928043,0.07517811168949867,742
B.1.429,1.3726789513138233,0.04668912273271617,743
B.1.549,1.3720252831627713,0.06328356557538331,744
R.2,1.351093908295186,0.055724379200428865,745
B.1.400.1,1.3429193931279086,0.048554143360982516,746
B.1.1.345,1.3427185790639915,0.04765003223527541,747
B.1.551,1.3363607664978323,0.08138890274821531,748
P.2,1.3247271067734208,0.05374602941472385,749
B.1.563,1.3050307564579906,0.13985661446125838,750
B.1.438.4,1.3024914843118405,0.11647691575595215,751
P.7,1.291345876239165,0.07802152195536892,752
N.5,1.287853836265702,0.15560732628059698,753
AP.1,1.286975395480622,0.08851488995849591,754
B.1,1.2863198287447215,0.41980450610506087,755
B.1.603,1.2841707442054353,0.061973287772706866,756
B.1.1.289,1.281360412260776,0.09238115569627912,757
B.1.438,1.2788242266170669,0.15746139676546278,758
B.1.438.1,1.2735424395458106,0.052929744591427914,759
B.1.438.3,1.273532669755189,0.056291180925416906,760
B.1.438.2,1.2734254163392522,0.05432642791659704,761
B.1.177.28,1.2640317797668543,0.1319453179820958,762
B.1.1.136,1.2600367319872343,0.0487362578511329,763
C.17,1.2590896790613904,0.2642655732445556,764
B.6.2,1.2584076747911963,0.06160780167439555,765
B.1.1.413,1.2578309230464062,0.09946594017373017,766
B.1.1.483,1.2548356859661032,0.09264899484337993,767
B.6.6,1.2541806513873024,0.058918347701423755,768
B.6.4,1.2541806513873024,0.058918347701423755,769
B.6.1,1.254097211759112,0.05708724140147662,770
B.6.5,1.254097211759112,0.05708724140147662,771
B.6.8,1.254090649560196,0.058000318778084384,772
B.6.3,1.2540127917814816,0.059155837527567166,773
B.1.36.23,1.2479867385420789,0.06264881231026516,774
B.1.177.11,1.24659224556719,0.046218829651669124,775
B.1.1.433,1.2465174634999334,0.12563920351682215,776
AU.1,1.245799603361203,0.11963336616584287,777
B.1.1.375,1.2392773490539186,0.07865897947050575,778
C.1.1,1.2391947624166826,0.07602154767269848,779
B.1.404,1.2380309972723709,0.06720732723789397,780
B.1.1.222,1.2352295325947038,0.234579371402639,781
B.1.177.62,1.2324889137573156,0.0891811182315831,782
B.1.127,1.2258800356741135,0.08559210346294807,783
B.1.36.29,1.2244814228987992,0.06599268766582851,784
AA.6,1.2233433317971096,0.07992342818761385,785
W.4,1.2230497381636585,0.0849068292380115,786
AQ.2,1.2229870621182997,0.120977376359145,787
A.23.1,1.222164199570428,0.13710150887904934,788
B.1.1.420,1.2215251906358915,0.12467007389190109,789
AA.5,1.2210623329797163,0.08014426364287672,790
AA.2,1.2209567350167,0.0788809847183766,791
AA.3,1.2209567350167,0.0788809847183766,792
AA.4,1.2209567350167,0.0788809847183766,793
B.1.258.17,1.2208228011854285,0.0661669941320135,794
B.1.177.15,1.2204715543068236,0.07793313072091737,795
AA.1,1.2204715543068236,0.07793313072091737,796
AA.8,1.2198846433328998,0.07989223390106386,797
AA.7,1.218631644398863,0.08094912321201818,798
D.2,1.21791093753361,0.07266003564362411,799
B.1.36.39,1.2150846246627238,0.13080194657183616,800
B.1.36.9,1.2123610995656466,0.0846348010813006,801
B.1.529,1.2075726776406777,0.1206782746786763,802
C.36,1.2049894527908636,0.12397023050115225,803
AW.1,1.200939007374597,0.1108837971317226,804
B.1.177.76,1.1983628219698443,0.06532149028681976,805
D.5,1.1953106525345465,0.13290990657562146,806
D.4,1.195074203781275,0.13236004661806575,807
B.1.177.27,1.189962571134558,0.05375638349924334,808
B.1.1.207,1.187655421908305,0.05710999732677018,809
B.1.258.23,1.187109461492402,0.06691877750259619,810
B.1.466.1,1.1818557126938471,0.08961562735434148,811
B.1.258.5,1.1798593947502998,0.05710933857758859,812
B.1.177.86,1.177473652322845,0.040938604640260515,813
B.1.258.4,1.1769766737773593,0.06021397062896806,814
B.1.177.18,1.1763325731790102,0.037771335175951236,815
B.1.177.73,1.1750746540664632,0.043571278600778016,816
B.1.258,1.1722680331742767,0.04938776214916736,817
B.1.177.45,1.172185851256031,0.04437521329640277,818
M.1,1.1714264264893957,0.10821588757260799,819
B.1.177.26,1.1707892350880076,0.04262836030073525,820
B.1.177.78,1.1686331754032602,0.04452282997791291,821
B.1.177.12,1.167738853432006,0.03058687808714405,822
Z.1,1.1672281029085314,0.02894460036915856,823
B.1.177.46,1.1668099756459651,0.0314720138891974,824
B.1.177.72,1.1666586272837085,0.029631962004443332,825
B.1.177.67,1.1664016087343012,0.03011994091865288,826
B.1.177,1.1663748855238674,0.03024493396584673,827
B.1.177.14,1.1658821360745886,0.027414617246827557,828
W.1,1.165831695385741,0.0270671593609461,829
B.1.177.10,1.1657774055775447,0.033024378692463024,830
B.1.177.53,1.1657740607424865,0.027041531113925453,831
W.2,1.1657740607424865,0.027041531113925453,832
B.1.177.89,1.1657511015529618,0.02848329277856105,833
W.3,1.1656981278302316,0.028920521745493876,834
B.1.177.32,1.1656733904852958,0.026960370863928093,835
B.1.177.9,1.1656593363888978,0.030629232432695646,836
B.1.177.47,1.165658904362429,0.028560317502809175,837
B.1.177.81,1.1656404322114338,0.026628618776992043,838
B.1.177.85,1.1656362701497838,0.028719174163698163,839
B.1.177.63,1.1656290242360154,0.030072268567442703,840
B.1.177.82,1.1656101333987978,0.02983734059747046,841
B.1.177.21,1.1655022158191632,0.02631841884685446,842
B.1.177.43,1.165490561687193,0.02886819388427694,843
B.1.177.64,1.165481763867037,0.03178467004589164,844
B.1.177.74,1.1654800057281196,0.027917366032646374,845
V.1,1.1654311049400905,0.027866425867490684,846
B.1.177.54,1.1654311049400905,0.027866425867490684,847
V.2,1.1654273480148396,0.03137913231159968,848
U.2,1.165415179588506,0.027637926930087844,849
B.1.177.71,1.1654021508979395,0.028752431797595793,850
Y.1,1.1653888841708693,0.0325749453964647,851
U.3,1.1653837625974928,0.026222562123598643,852
B.1.177.5,1.1653832760197955,0.0273231295876392,853
U.1,1.1653806001312208,0.026237970905471645,854
B.1.177.20,1.1653723309712352,0.031066547296382762,855
B.1.177.6,1.1653718682771426,0.02693259141767135,856
B.1.177.80,1.1653616027505531,0.028093464160925032,857
B.1.177.24,1.1653612716436264,0.027046406663158724,858
B.1.177.19,1.1653601513829444,0.026281721656295134,859
B.1.177.60,1.1653482390883512,0.025933791570268226,860
B.1.177.48,1.1653432414727911,0.02592377784670338,861
B.1.177.7,1.1653432414727911,0.02592377784670338,862
B.1.177.59,1.1653432414727911,0.02592377784670338,863
B.1.177.8,1.1653432414727911,0.02592377784670338,864
B.1.177.65,1.1653432414727911,0.02592377784670338,865
B.1.177.75,1.1653346303189072,0.025909405441087982,866
B.1.177.50,1.1653346303189072,0.025909405441087982,867
B.1.177.4,1.1653346303189072,0.025909405441087982,868
B.1.177.2,1.1653346303189072,0.025909405441087982,869
B.1.177.3,1.165332273873008,0.02612947021398258,870
B.1.177.70,1.165305106324121,0.03311250652242265,871
B.1.177.68,1.1652795583501778,0.027555115457587476,872
B.1.177.17,1.1652759424917367,0.027152162837788343,873
B.1.177.77,1.1652670611680906,0.026202340313114154,874
B.1.177.49,1.1652644875568203,0.02707336841338179,875
B.1.177.16,1.1652635204405055,0.03257727517129252,876
B.1.177.38,1.165253162832387,0.030520259511732956,877
B.1.177.25,1.1652364410832892,0.03852594101228553,878
B.1.177.52,1.1651529597139372,0.030779157073864655,879
B.1.177.23,1.1650973635874224,0.03204402602916567,880
B.1.177.69,1.1650924946795207,0.027664401967474796,881
B.1.177.55,1.16509108243377,0.02971183021540435,882
B.1.177.30,1.1650814998484136,0.03336742692461789,883
B.1.177.84,1.1650789056318345,0.029463611628476456,884
B.1.177.51,1.1650636390003204,0.02676867719081143,885
B.1.177.37,1.165046054111477,0.02874690331081619,886
B.1.177.39,1.1647830247619015,0.030165423469930373,887
B.1.177.66,1.1647263735743782,0.04367252421878692,888
B.1.177.41,1.1647232141789712,0.026648411294101178,889
B.1.177.35,1.1647211779129647,0.026573964146352082,890
B.1.177.40,1.1647211779129647,0.026573964146352082,891
B.1.177.34,1.1646608251306818,0.03736082235781138,892
B.1.177.83,1.16439729830767,0.027138942866299746,893
B.1.177.87,1.1643272764911827,0.027900034887787802,894
B.1.177.29,1.1642465919499807,0.032716680644612285,895
B.1.177.44,1.1640323128235233,0.02824512986580565,896
B.1.177.36,1.1639602981975097,0.029467354337479455,897
B.1.177.42,1.1637819380333485,0.03140927531597676,898
B.1.177.61,1.1634790387198777,0.0412687987803093,899
B.1.177.33,1.163434934211491,0.031071636820740198,900
B.1.36.31,1.1622873441703572,0.041542850656629764,901
B.1.177.58,1.1621119957101684,0.03719746156542692,902
B.1.258.22,1.1620849139431386,0.04438759319348691,903
B.1.160.26,1.1616962382702534,0.07491622049426716,904
B.1.258.9,1.1611438173263535,0.0368393505401191,905
B.1.258.14,1.160939976769641,0.036999304931132695,906
B.1.258.16,1.160395537272085,0.03864467412803614,907
B.1.258.11,1.1600189467074435,0.035287643595299775,908
B.1.258.10,1.1599446843943997,0.03905038309681135,909
B.1.258.12,1.1599425195941928,0.03503436826702069,910
B.1.258.6,1.1598751005759864,0.03483899039126733,911
B.1.258.19,1.1598746705577343,0.03516572986476202,912
B.1.258.7,1.1598665109846682,0.035292759902459475,913
B.1.258.20,1.1598404722163482,0.03605422104807722,914
B.1.258.18,1.1595319268093205,0.03951911438641984,915
G.1,1.1580365880468575,0.04406638995915611,916
B.1.258.2,1.1580356533172271,0.044066809753551074,917
AB.1,1.1575367668682974,0.07812185308965333,918
B.1.258.3,1.156327185363122,0.049866445771698215,919
B.1.222,1.1529591960738936,0.0530780315506474,920
B.1.160.12,1.146068670071235,0.07324065205097409,921
B.1.160.33,1.1438491148671333,0.07628646059792381,922
B.1.160.7,1.1438491148671333,0.07628646059792381,923
B.1.1.445,1.1418925806330311,0.06841649970261246,924
B.1.160.31,1.1418395365172749,0.06673278775973795,925
B.1.160.9,1.1408594029720311,0.0729607178589309,926
B.1.398,1.1364328402944974,0.08420703064884089,927
B.1.423,1.1357198534677155,0.1334980098296065,928
B.1.160.30,1.1349327296241367,0.06287438675539446,929
B.1.160,1.1309186714821249,0.06724552708830342,930
B.1.1.339,1.129375199584184,0.029750894660937815,931
B.1.221.4,1.128385565580135,0.035134489658634284,932
B.1.221.3,1.1270139177826053,0.025501622905142123,933
B.1.160.19,1.126288188139114,0.05994808491735509,934
B.1.616,1.1260257620821716,0.19483729665005595,935
B.1.221.2,1.1259826344158472,0.024271375964980666,936
B.1.221,1.1259129435713726,0.02184259333922042,937
B.1.221.1,1.1252024019874531,0.03295138461350525,938
B.1.160.21,1.1234958950549296,0.0599024419188255,939
B.1.1.317,1.1232631443765784,0.13196368879117226,940
B.1.214.1,1.1231002995018289,0.13002478113237753,941
B.1.1.219,1.1230839307486862,0.13453427000691995,942
B.1.530,1.1224997959366982,0.05993086598352676,943
B.1.160.8,1.122110420120651,0.05758811982712047,944
B.1.160.25,1.1217987123521664,0.055999190909542564,945
B.1.160.29,1.1217809569562425,0.056183374311471676,946
B.1.160.24,1.1215377905622874,0.055699652572628267,947
B.1.160.17,1.12122579197759,0.0531473703077188,948
B.1.160.28,1.1211725425945986,0.052449320995871,949
B.1.160.27,1.1211059154496774,0.05468886319776379,950
B.1.160.15,1.1208749262306508,0.05265906318002634,951
B.1.160.13,1.120821228655009,0.053914106854131796,952
B.1.160.10,1.1208183736296888,0.05478819320729494,953
B.1.160.11,1.120764230026977,0.05498767524764924,954
B.1.160.32,1.1205890716487523,0.05405568964515744,955
B.1.160.18,1.1197165975587322,0.05773579358775242,956
B.1.160.20,1.118823437373967,0.06159389956697921,957
B.1.536,1.1169083355338678,0.13071306560525936,958
B.1.1.351,1.1146550889175435,0.06148072572744544,959
B.1.258.15,1.1143832328497,0.08867845060550772,960
B.1.1.62,1.112135240817075,0.07238310097160978,961
B.11,1.1119672232044682,0.13494069406491568,962
B.1.1.45,1.111728524823644,0.1358122244208212,963
B.1.131,1.1105257246930946,0.12344860538015172,964
B.1.88.1,1.109724281120393,0.12591113044293314,965
B.1.214,1.1092337029281838,0.1275597066187834,966
AL.1,1.1084331101374765,0.046517338674075245,967
B.1.1.522,1.108238248824449,0.05469704750925822,968
B.1.409,1.1080671426436868,0.04406664357215516,969
B.1.1.338,1.1074700508477484,0.051485114145955524,970
B.1.1.401,1.1063165048885093,0.11734748130771151,971
B.1.1.336,1.106042443799904,0.04709036348083419,972
B.1.1.348,1.1047984286724892,0.09384587135776942,973
B.1.517.1,1.1042034326097032,0.11876845844418606,974
C.2.1,1.1028838908842582,0.09799773478367127,975
B.1.382,1.1023400485335382,0.05552518489254023,976
B.1.1.526,1.0989613738710855,0.05682450636043811,977
B.1.615,1.0982032766162606,0.1433751948289618,978
B.1.1.385,1.0916674111611038,0.06943801672546576,979
B.1.1.158,1.0830000994512574,0.10289014907868899,980
B.1.243,1.0819689619890007,0.06316882945211406,981
AF.1,1.0767720437662167,0.08854707361519205,982
B.1.469,1.072348466364514,0.10477503395726417,983
B.1.588.1,1.070935823648261,0.0665494316060526,984
B.1.588,1.0709143261119478,0.06548995778026556,985
B.1.2,1.0704158084804805,0.03489087934826447,986
B.1.1.63,1.0686402801074368,0.09637843804856022,987
A.28,1.0683080291811011,0.1426878717607589,988
B.1.587,1.0678523865719427,0.06551858798934103,989
B.1.177.57,1.065363649259723,0.032424893710180466,990
B.1.177.56,1.0649119877611606,0.029864286956559002,991
B.1.165,1.0625382045545193,0.027435596217729487,992
B.1.596,1.061046893052331,0.026338745555879964,993
AM.3,1.0601270289592777,0.08462248376800093,994
B.1.1.101,1.0552537847502623,0.07546666213887228,995
B.1.517,1.0523127493353857,0.08693762801961936,996
B.1.459,1.0511279673499312,0.08620235539089754,997
B.1.1.332,1.0510375418969875,0.07767293720424748,998
B.1.36.27,1.0438101762167185,0.06616779651629648,999
B.1.160.23,1.0436366331942446,0.11498778187694703,1000
B.1.1.86,1.042110447185005,0.057707357239596004,1001
B.1.160.22,1.0419737576682078,0.11246682927172923,1002
B.1.1.256,1.0406411175440722,0.053632358238550164,1003
B.1.593,1.0403302225804174,0.06219623146806576,1004
A.29,1.04019550761341,0.10300785652816544,1005
AM.1,1.037952592567357,0.06515158170015896,1006
AM.4,1.0378762967483912,0.06243176120079939,1007
B.1.1.242,1.0367647443171817,0.08542419771303053,1008
B.1.1.216,1.0365034307357657,0.05867671781053004,1009
B.1.1.428,1.0365034307357657,0.05867671781053004,1010
B.1.1.357,1.0364794117637257,0.060945785784469984,1011
AM.2,1.0364022175885146,0.06462984979773732,1012
B.1.539,1.036223266577281,0.06174831003162125,1013
AS.2,1.035360939559589,0.08008716076959424,1014
B.1.524,1.032051676877169,0.05778883493646641,1015
B.1.1.272,1.0314047124371577,0.07048061050429368,1016
B.1.1.302,1.0287640672017857,0.0731631571300845,1017
B.1.599,1.0279882111537528,0.07698745940303459,1018
B.1.1.186,1.0270329484019338,0.07461074224370959,1019
B.1.1.98,1.0258139142669225,0.060968795805273625,1020
S.1,1.0257449084849264,0.060895904470185266,1021
B.1.463,1.025123001684952,0.07520369897283562,1022
B.1.1.202,1.0240034771790818,0.04957103773897474,1023
B.1.252,1.0227715017570287,0.0625490399591744,1024
B.1.240.2,1.0226893631924856,0.06598419068614639,1025
AK.2,1.020688552569937,0.059987806889701394,1026
B.1.1.130,1.0204282424440256,0.04436473508152265,1027
B.1.1.434,1.020426401549096,0.03775183557274525,1028
B.1.1.286,1.020129702111096,0.056332617115005736,1029
B.1.22.1,1.0188319153583112,0.07192725833833273,1030
K.3,1.018507187755865,0.04130084114506861,1031
C.19,1.0182850689741727,0.07032783813829876,1032
B.1.407,1.017734855198312,0.04684375289050767,1033
B.1.622,1.017669606460786,0.057236822785169776,1034
B.1.396,1.0176476454649044,0.038197483655529024,1035
B.1.561,1.0175526567901263,0.03747348561413889,1036
B.1.531,1.0173941803509416,0.06188180282818391,1037
B.1.1.234,1.0162623453320632,0.055360893054426256,1038
B.1.1.400,1.0162178447478658,0.04547596542006498,1039
B.1.421,1.015833888011043,0.04199799546084942,1040
B.1.1.384,1.0157904733115146,0.04333728673499555,1041
B.1.416.1,1.0157325995783164,0.03825862271306297,1042
B.1.416,1.0157325995783164,0.03825862271306297,1043
L.1,1.0157097191405238,0.047053717010025774,1044
B.1.1.111,1.0155743861138355,0.04455938528569363,1045
B.1.1.458,1.0155044638577546,0.038414934803998255,1046
B.1.399,1.0141508644143449,0.02980382572770016,1047
B.1.1.261,1.0141108923295123,0.029826526377034444,1048
B.1.1.349,1.0139073813582549,0.05539294010186545,1049
B.1.1.418,1.0136978114669557,0.03757513249176228,1050
B.1.550,1.0136208927656354,0.050817100283228826,1051
B.1.1.51,1.0135923805871312,0.053050424069742017,1052
B.1.1.517,1.012988571543422,0.04223020416980292,1053
C.36.1,1.0129021828427098,0.04563811275798781,1054
B.1.1.486,1.0121815140686246,0.036341562242845286,1055
B.1.543,1.0120712380825685,0.044975805560245906,1056
B.1.1.366,1.011869887058927,0.05595167733531297,1057
C.36.2,1.0113627276671986,0.04402313689448437,1058
B.1.1.341,1.010978923441181,0.041441038666482834,1059
B.1.36.22,1.0108702219261056,0.04187985565196458,1060
B.1.1.414,1.0102936565359482,0.03572305151690722,1061
B.1.1.355,1.0102796300835295,0.026031242246871082,1062
B.1.1.119,1.0102796300835295,0.026031242246871082,1063
B.1.1.282,1.0102796300835295,0.026031242246871082,1064
B.1.1.329,1.0100754201831017,0.028736859873652255,1065
B.1.1.74,1.009259809315979,0.03862382529276676,1066
B.1.36.19,1.0091262096552005,0.03842687924484477,1067
B.1.442,1.0091100021867878,0.0383861212874262,1068
B.1.1.446,1.008918820348508,0.04859928525148642,1069
B.1.466,1.0088573512467285,0.03706033032524727,1070
B.1.36.28,1.0087658013228382,0.033609369253592904,1071
B.1.229,1.0086271879576565,0.03985827978593374,1072
B.1.1.258,1.008602311544277,0.043541755578763504,1073
B.1.1.465,1.0085879159061997,0.054312525126835126,1074
B.1.1.427,1.0083412409405728,0.05351515018026039,1075
B.1.36.2,1.00829955210551,0.03705445844908433,1076
B.1.1.240,1.008058203252662,0.0397574248070265,1077
B.1.1.425,1.0080390191178246,0.04241771730124783,1078
B.1.1.316,1.007867765757684,0.028990819534664886,1079
B.1.36.36,1.0077740384293632,0.034908846647958715,1080
B.1.36.37,1.007661577961044,0.03581709454556582,1081
B.1.36.18,1.007645409966029,0.03232832490979754,1082
B.1.36.38,1.0071907750217828,0.030560969310122824,1083
B.1.36.17,1.0071907750217828,0.030560969310122824,1084
B.1.1.337,1.006933310612561,0.04448416794910888,1085
AJ.1,1.0068067934428897,0.04309919232862873,1086
B.1.256,1.0065467134239718,0.03829159391282692,1087
B.1.1.77,1.0063019282793235,0.032320044666461246,1088
B.1.1.305,1.0060690283789455,0.029044798604733225,1089
B.1.1.394,1.0058946425931057,0.03373834477130903,1090
B.1.1.176,1.0058243986264013,0.02648251573262621,1091
B.1.1.159,1.005762128410492,0.04622704142053669,1092
B.1.1.397,1.0057573239135644,0.023990158950047257,1093
B.13,1.0055828872503292,0.02824972014249768,1094
C.31,1.0054261779215328,0.0471148410646164,1095
B.1.280,1.0049140554135765,0.03563177818891248,1096
B.1.1.56,1.0049046355349245,0.025374605478070567,1097
C.28,1.004795288175313,0.042821595706752924,1098
B.1.580,1.00462530468506,0.07724641091299833,1099
B.1.36.21,1.0043601954120065,0.04290320668981703,1100
B.1.1.421,1.003969212363082,0.022852823303093253,1101
B.1.1.224,1.0038037606946384,0.026165739860196,1102
B.1.1.123,1.003636093633741,0.025525734583500655,1103
B.1.1.322,1.003403290448607,0.0187750348521665,1104
B.1.1.449,1.0033709386206369,0.028056917199303675,1105
B.1.1.44,1.0031780267119614,0.026527491268654592,1106
B.1.1.333,1.003025811445318,0.024291466966520035,1107
B.1.1.100,1.0030058184698518,0.034959963785615694,1108
B.1.77,1.0028658051083756,0.02819319477942682,1109
B.1.1.191,1.002771129864701,0.02621360010977696,1110
B.1.1.442,1.0026020483577665,0.022462619892383476,1111
B.1.1.388,1.0025987077350882,0.023430173203427287,1112
B.1.1.368,1.0025216041870448,0.016830343679504554,1113
B.1.1.67,1.00230235899486,0.020123176317459582,1114
B.1.1.311,1.002244556852555,0.020876996490051945,1115
B.1.1.408,1.002210012223721,0.020514911114604188,1116
B.1.1.451,1.0021651456112155,0.037172176705424505,1117
B.1.1.229,1.0018573356402,0.016919443254621275,1118
B.1.1.153,1.0016168330728246,0.016502419768759383,1119
B.1.1.236,1.001516273755652,0.03231699151778286,1120
B.1.552,1.00150595952627,0.02476778046351627,1121
AK.1,1.0014806258444204,0.02220712190207431,1122
B.1.377,1.001478887367099,0.016360365650202362,1123
B.1.1.226,1.001455049719975,0.012420381903174639,1124
B.1.1.347,1.0013423590003423,0.01579685294381717,1125
B.1.1.204,1.001282688886928,0.019360165465149688,1126
B.1.208,1.001279209248523,0.014235766177747815,1127
B.1.36,1.0012790380130383,0.025522614182356282,1128
B.1.1.122,1.0011858610411446,0.01401317101081429,1129
B.1.189,1.0011237872027567,0.01390602481184427,1130
B.1.1.87,1.001113421122273,0.027450192518445403,1131
B.1.1.117,1.001103065782746,0.013616549584825471,1132
B.1.1.444,1.0010965035838308,0.016878661447388442,1133
B.1.1.174,1.0010802141139958,0.013139091400473422,1134
B.1.1.423,1.001028616504288,0.015981637226238857,1135
B.1.1.461,1.0010114785767534,0.02296423939540142,1136
B.1.1.303,1.0009893061764383,0.022017343323136655,1137
B.1.528,1.000974585160738,0.018329584664388367,1138
B.1.1.298,1.000944325112222,0.012955305256763399,1139
B.1.1.326,1.0009336029121991,0.011641218843992534,1140
B.1.1.8,1.0009336029121991,0.011641218843992534,1141
B.1.1.232,1.0009264365493356,0.010579323854133965,1142
B.1.1.387,1.0009207795793804,0.012426627021038427,1143
B.1.146,1.0009143160850007,0.021555291078951492,1144
B.1.1.395,1.000909681738409,0.01474048041712237,1145
B.1.1.512,1.000867444201814,0.022867458821381286,1146
B.1.242,1.0008427742795392,0.01106333712231609,1147
B.1.548,1.0008127968736424,0.010070653241365472,1148
B.1.187,1.0006489706321589,0.011516174502000747,1149
B.1.1.431,1.00063333271331,0.03126190100794522,1150
B.1.1.521,1.0006324483343758,0.008993179417086149,1151
B.1.128,1.0006119872885904,0.012424958836371666,1152
B.1.205,1.0005841502734367,0.010358681875726491,1153
B.1.1.134,1.000571422973643,0.013431373347031568,1154
AS.1,1.0005347199300254,0.015807201865641253,1155
B.1.1.97,1.0005324100493806,0.015406670516452267,1156
B.1.1.308,1.0005304858631312,0.020839510835109112,1157
B.1.1.144,1.000528815172919,0.018024612543272586,1158
B.18,1.0005203715503428,0.012745477727767586,1159
B.1.1.404,1.0005081898803607,0.013929100950158785,1160
B.1.1.90,1.0004843766831786,0.023950342957828694,1161
B.1.400,1.0004805670832915,0.011408298513533945,1162
B.1.1.310,1.0004776102070958,0.02165328079609558,1163
B.1.1.309,1.0004614040072113,0.013337608651998062,1164
B.1.1.327,1.000460094601087,0.037152731124050827,1165
B.1.1.29,1.0004589641137829,0.02293587978332586,1166
B.1.1.429,1.0004281722630717,0.026272288191771083,1167
B.1.1.249,1.0004216509454522,0.015058375732178603,1168
B.47,1.000420904254382,0.014995224963849793,1169
B.1.1.194,1.000415096361133,0.008495914335114312,1170
B.1.1.46,1.000387750573217,0.01320346063368131,1171
B.1.1.297,1.000381704284089,0.011022975148556874,1172
B.1.140,1.0003560006092698,0.005735949321241118,1173
AG.1,1.0003168929164166,0.018752467147197537,1174
B.1.1.157,1.000309260103584,0.015242283182305534,1175
B.1.1.193,1.0003060954732232,0.03417160086149273,1176
AH.3,1.0002954359350955,0.024048537488330853,1177
B.1.1.16,1.000278251660781,0.027283805172380125,1178
B.1.1.415,1.000240601198551,0.02922426125760434,1179
B.1.1.422,1.0002282436984438,0.023389704637532763,1180
B.1.1.118,1.0002218199732973,0.014499679224233484,1181
B.1.1.57,1.0002139989671717,0.006978153901511536,1182
B.1.1.312,1.0002136306496578,0.024308508063144295,1183
B.1.97,1.0002013041932667,0.0254038048620123,1184
B.1.1.141,1.0001857249209472,0.012040143474520404,1185
B.1.1.371,1.0001771715623469,0.022754610260672777,1186
B.1.1.324,1.0001744300053248,0.013937979568978211,1187
B.1.1.152,1.0001559901719594,0.014660333926033045,1188
B.1.1.132,1.0001355998311263,0.009690209839199708,1189
B.1.239,1.0001259803508016,0.009715945039266923,1190
M.2,1.0001181524500606,0.02393445203494848,1191
B.1.1.299,1.0000972319328676,0.017764665207246084,1192
B.1.1.178,1.0000923326212092,0.01882021099128496,1193
B.1.1.137,1.0000904897226175,0.026471959439053512,1194
B.1.249,1.0000902928910942,0.028821706045656717,1195
B.1.234,1.0000875469330806,0.005114783241653996,1196
AE.4,1.000082827776476,0.007275046004042394,1197
B.1.1.407,1.0000772924478705,0.013773506859120196,1198
B.1.84,1.0000754736018596,0.01650215345255822,1199
B.52,1.0000726249564649,0.010373540892101803,1200
B.1.1.342,1.000066067393364,0.008981143332630304,1201
B.51,1.0000626667662953,0.018100267247136023,1202
B.1.1.128,1.000060544643207,0.004878953441058946,1203
B.46,1.00005787745327,0.013329043727502604,1204
B.1.6,1.0000535097355574,0.006189105200935379,1205
B.1.1.306,1.000047727562116,0.0057063898233773915,1206
AE.1,1.000047727562116,0.0057063898233773915,1207
AH.2,1.000046595988764,0.012531318295143638,1208
B.1.1.304,1.0000402003322548,0.008849329823311745,1209
B.1.1.361,1.0000285340868644,0.017577948233700017,1210
B.1.600,1.0000261804025752,0.013330043055529784,1211
B.1.223,1.0000216244188758,0.006486892635672266,1212
AE.5,1.000019077640505,0.010576806500083767,1213
B.45,1.0000162074683834,0.0007038439015929503,1214
B.12,1.0000162074683834,0.0007038439015929503,1215
B.1.153,1.0000117653333207,0.015586681358729433,1216
B.1.1.58,1.000011028634197,0.008189608950005322,1217
B.1.1.34,1.0000046781075844,0.014210960583784776,1218
K.2,1.000002723584524,0.019137016991114083,1219
B.20,0.9999999999999962,6.143906154658885e-08,1220
B.1.14,0.9999999999999962,6.143906154658885e-08,1221
B.55,0.9999999999999962,6.143906154658885e-08,1222
B.5,0.9999999999999962,6.143906154658885e-08,1223
B.26,0.9999999999999962,6.143906154658885e-08,1224
B.15,0.9999999999999962,6.143906154658885e-08,1225
B.50,0.9999999999999962,6.143906154658885e-08,1226
B.27,0.9999999999999962,6.143906154658885e-08,1227
B.57,0.9999999999999962,6.143906154658885e-08,1228
B.53,0.999997885228446,0.016284151576069397,1229
B.1.1.50,0.9999978598024444,0.006542160526722135,1230
B.1.418,0.9999916540799828,0.01090505601078833,1231
AE.2,0.9999858091065958,0.014995110382277809,1232
B.1.1.452,0.999985257175552,0.0073060913647505455,1233
B.1.1.280,0.999985257175552,0.0073060913647505455,1234
B.1.1.396,0.999985257175552,0.0073060913647505455,1235
B.1.1.352,0.9999848233666,0.024348058166423173,1236
B.1.1.343,0.999984481516348,0.011702913611437613,1237
B.1.1.241,0.999983275260954,0.009038142450515237,1238
B.1.103,0.9999827221574012,0.01636337321760101,1239
B.1.1.161,0.9999762353835646,0.0008479743513732588,1240
B.1.145,0.999975664710126,0.02029862116282795,1241
B.1.1.300,0.9999753900465336,0.0057389549570628015,1242
B.1.1.514,0.9999753900465336,0.0057389549570628015,1243
B.1.1.27,0.9999753900465336,0.0057389549570628015,1244
B.1.1.513,0.9999753900465336,0.0057389549570628015,1245
B.1.1.301,0.9999753900465336,0.0057389549570628015,1246
B.1.1.40,0.9999732888911016,0.01401006072162878,1247
B.56,0.9999710510325244,0.01392897070771128,1248
B.1.147,0.999969476340863,0.00844234222064472,1249
B.1.532,0.9999690668735132,0.008912325230209852,1250
B.1.546,0.9999648958304156,0.026109181504460028,1251
B.1.1.129,0.999959798863304,0.011720563792374277,1252
B.1.1.399,0.999959637455034,0.02393916791677488,1253
B.1.233,0.9999587996239522,0.009291260936629664,1254
B.1.1.120,0.9999535874711772,0.02239368546963429,1255
B.1.137,0.9999518407698954,0.011989746044629716,1256
B.1.184,0.9999515221942676,0.017572266771068126,1257
B.1.1.416,0.9999499539360934,0.004444043631813261,1258
B.1.206,0.9999496756841972,0.012075062339978824,1259
B.1.1.107,0.9999484428017792,0.023523929478300686,1260
B.1.1.456,0.9999481005645752,0.01755850320053472,1261
B.1.402,0.999939266062615,0.007877580954496413,1262
B.1.1.55,0.999936231335882,0.028060179179104906,1263
B.1.1.4,0.9999341015231334,0.01313647163644971,1264
B.1.1.145,0.9999329469048832,0.019050814742441875,1265
AE.6,0.9999326509412,0.008858046498791435,1266
B.1.1.448,0.9999320496423942,0.008735085522891636,1267
B.1.556,0.999929227056449,0.010601036170409068,1268
B.1.1.382,0.9999288732992472,0.02226845176833269,1269
B.1.190,0.9999274497221312,0.015951059628001394,1270
B.1.395,0.999924758365736,0.015405559201114173,1271
B.1.35,0.999924758365736,0.015405559201114173,1272
B.1.83,0.9999235534629842,0.01826952545617491,1273
B.1.1.330,0.9999215533901464,0.015983763488818446,1274
B.1.1.75,0.9999166621914326,0.011745784759446832,1275
B.1.1.459,0.9999166621914326,0.011745784759446832,1276
B.1.610,0.9999159622615827,0.0034761167479947204,1277
B.1.225,0.9999151143722352,0.02465597214826921,1278
B.1.1.412,0.9999144623016868,0.007396628191812389,1279
B.1.1.481,0.9999122783519376,0.016428577379848427,1280
B.1.1.362,0.999908621754004,0.012860141792722999,1281
B.1.1.275,0.9999084526271446,0.006527737990324706,1282
B.1.397,0.9999073511076974,0.0033957597053463975,1283
B.1.240,0.9999073511076974,0.0033957597053463975,1284
B.1.241,0.9999073511076974,0.0033957597053463975,1285
B.1.408,0.9999073511076974,0.0033957597053463975,1286
B.1.558,0.9999073511076974,0.0033957597053463975,1287
B.1.401,0.9999073511076974,0.0033957597053463975,1288
B.1.231,0.9999073511076974,0.0033957597053463975,1289
B.1.381,0.9999073511076974,0.0033957597053463975,1290
B.1.238,0.9999073511076974,0.0033957597053463975,1291
B.1.188,0.9999073511076974,0.0033957597053463975,1292
B.1.227,0.9999072765876624,0.015869602917686947,1293
B.1.1.138,0.999906730905213,0.008133422582610463,1294
AE.3,0.9999031081462306,0.011034002498355977,1295
K.1,0.9999009396683856,0.011894644256059628,1296
B.1.211,0.999900857990397,0.00998143232148154,1297
B.1.1.177,0.9999000083190694,0.008796132734587495,1298
B.1.1.402,0.9999000083190694,0.008796132734587495,1299
B.1.1.364,0.9998936100483544,0.005878924785118553,1300
B.1.1.198,0.9998932170216488,0.013413372323894663,1301
B.1.379,0.9998931061658322,0.003333883154101471,1302
B.1.1.462,0.9998929000868676,0.005541815833185802,1303
B.1.1.268,0.9998913408995572,0.009208631904842333,1304
B.1.210,0.999891143639285,0.0033214844896278218,1305
B.1.179,0.999891143639285,0.0033214844896278218,1306
B.1.142,0.999891143639285,0.0033214844896278218,1307
B.1.78,0.999891143639285,0.0033214844896278218,1308
B.1.415,0.999891143639285,0.0033214844896278218,1309
B.1.384,0.999891143639285,0.0033214844896278218,1310
B.1.420,0.999891143639285,0.0033214844896278218,1311
B.1.542,0.999891143639285,0.0033214844896278218,1312
B.1.545,0.999891143639285,0.0033214844896278218,1313
B.1.203,0.999891143639285,0.0033214844896278218,1314
B.1.67,0.999891143639285,0.0033214844896278218,1315
B.1.378,0.999891143639285,0.0033214844896278218,1316
B.1.609,0.999891143639285,0.0033214844896278218,1317
B.1.220,0.999891143639285,0.0033214844896278218,1318
B.1.8,0.999891143639285,0.0033214844896278218,1319
B.1.212,0.999891143639285,0.0033214844896278218,1320
B.1.180,0.999891143639285,0.0033214844896278218,1321
B.1.69,0.999891143639285,0.0033214844896278218,1322
B.1.192,0.999891143639285,0.0033214844896278218,1323
B.1.535,0.999891143639285,0.0033214844896278218,1324
B.1.195,0.999891143639285,0.0033214844896278218,1325
B.1.81,0.999891143639285,0.0033214844896278218,1326
B.1.143,0.999891143639285,0.0033214844896278218,1327
B.1.387,0.999891143639285,0.0033214844896278218,1328
B.1.178,0.999891143639285,0.0033214844896278218,1329
B.1.76,0.999891143639285,0.0033214844896278218,1330
B.1.23,0.999891143639285,0.0033214844896278218,1331
B.1.201,0.9998900872827968,0.003425352148730008,1332
B.1.91,0.9998881909178136,0.008497091731490587,1333
B.1.1.380,0.9998867421519144,0.017457419705828998,1334
B.1.1.436,0.9998856998032032,0.009879467176607419,1335
B.1.1.253,0.999885531322834,0.004761995201234269,1336
B.1.1.516,0.9998825430693016,0.005136224243625604,1337
B.1.1.61,0.9998821781341852,0.007266938161267729,1338
B.1.235,0.999881250581204,0.016313182869527706,1339
B.1.1.307,0.9998801377767216,0.006583866487861473,1340
B.1.1.48,0.9998791372330562,0.011566482430442001,1341
B.1.1.450,0.9998789717910952,0.01390624467774353,1342
AH.1,0.9998761759735662,0.01430037063914356,1343
B.1.194,0.9998751885717256,0.0155563314684594,1344
B.1.134,0.9998724403554308,0.013696248703242214,1345
B.1.1.187,0.9998717875714984,0.02136759812655146,1346
B.1.1.171,0.999868848789244,0.004324244336968622,1347
B.1.181,0.9998676934658676,0.015053080040223982,1348
B.1.1.37,0.9998673790228518,0.003427265069568348,1349
B.1.1.92,0.9998673790228518,0.003427265069568348,1350
B.1.1.59,0.9998673790228518,0.003427265069568348,1351
B.1.1.447,0.9998673790228518,0.003427265069568348,1352
B.1.1.464,0.9998673790228518,0.003427265069568348,1353
B.1.1.331,0.9998673790228518,0.003427265069568348,1354
B.1.1.213,0.9998673790228518,0.003427265069568348,1355
B.1.1.290,0.9998673790228518,0.003427265069568348,1356
B.1.1.432,0.9998673790228518,0.003427265069568348,1357
B.1.1.110,0.9998673790228518,0.003427265069568348,1358
B.1.1.285,0.9998673790228518,0.003427265069568348,1359
B.1.1.112,0.9998673790228518,0.003427265069568348,1360
B.1.173,0.9998673790228518,0.003427265069568348,1361
B.1.1.95,0.9998673790228518,0.003427265069568348,1362
B.1.1.181,0.9998673790228518,0.003427265069568348,1363
B.1.1.254,0.9998673790228518,0.003427265069568348,1364
B.1.1.391,0.9998673790228518,0.003427265069568348,1365
B.1.1.82,0.9998673790228518,0.003427265069568348,1366
B.1.1.83,0.9998673790228518,0.003427265069568348,1367
B.1.1.125,0.9998673790228518,0.003427265069568348,1368
B.1.1.12,0.9998673790228518,0.003427265069568348,1369
B.1.1.169,0.9998673790228518,0.003427265069568348,1370
B.1.1.356,0.9998673790228518,0.003427265069568348,1371
B.1.1.220,0.9998673790228518,0.003427265069568348,1372
B.1.1.139,0.9998673790228518,0.003427265069568348,1373
B.1.1.507,0.9998673790228518,0.003427265069568348,1374
B.1.1.189,0.9998673790228518,0.003427265069568348,1375
B.1.1.121,0.9998673790228518,0.003427265069568348,1376
B.1.1.166,0.9998673790228518,0.003427265069568348,1377
B.1.1.197,0.9998673790228518,0.003427265069568348,1378
B.1.1.325,0.9998673790228518,0.003427265069568348,1379
B.1.1.367,0.9998673790228518,0.003427265069568348,1380
B.1.1.378,0.9998673790228518,0.003427265069568348,1381
B.1.1.192,0.9998673790228518,0.003427265069568348,1382
B.1.1.162,0.9998673790228518,0.003427265069568348,1383
B.1.1.163,0.9998673790228518,0.003427265069568348,1384
B.1.1.91,0.9998673790228518,0.003427265069568348,1385
B.1.1.71,0.9998673790228518,0.003427265069568348,1386
B.1.1.13,0.9998673790228518,0.003427265069568348,1387
B.1.1.208,0.9998673790228518,0.003427265069568348,1388
B.1.1.201,0.9998673790228518,0.003427265069568348,1389
B.1.1.155,0.9998673790228518,0.003427265069568348,1390
B.1.1.398,0.9998673790228518,0.003427265069568348,1391
B.1.1.463,0.9998673790228518,0.003427265069568348,1392
B.1.1.115,0.9998673790228518,0.003427265069568348,1393
B.1.1.437,0.9998673790228518,0.003427265069568348,1394
B.1.1.239,0.9998673790228518,0.003427265069568348,1395
B.1.1.127,0.9998673790228518,0.003427265069568348,1396
B.1.1.164,0.9998673790228518,0.003427265069568348,1397
L.2,0.9998673790228518,0.003427265069568348,1398
B.1.1.270,0.9998673790228518,0.003427265069568348,1399
B.1.1.10,0.9998673790228518,0.003427265069568348,1400
B.1.1.440,0.9998673790228518,0.003427265069568348,1401
B.1.1.500,0.9998673790228518,0.003427265069568348,1402
B.1.1.5,0.9998673790228518,0.003427265069568348,1403
B.1.1.172,0.9998673790228518,0.003427265069568348,1404
B.1.1.244,0.9998673790228518,0.003427265069568348,1405
B.1.1.180,0.9998673790228518,0.003427265069568348,1406
B.1.1.320,0.9998673790228518,0.003427265069568348,1407
B.1.1.438,0.9998673790228518,0.003427265069568348,1408
B.1.1.221,0.9998673790228518,0.003427265069568348,1409
B.1.1.109,0.9998673790228518,0.003427265069568348,1410
B.1.1.485,0.9998673790228518,0.003427265069568348,1411
B.1.1.328,0.9998650341379124,0.005356286019797108,1412
B.1.213,0.999863999681364,0.012317043005650547,1413
B.1.1.381,0.9998625649566396,0.013017862075179023,1414
B.1.1.43,0.9998613345333276,0.004014319863316061,1415
B.1.1.386,0.9998602098440562,0.014407102169806844,1416
B.1.106,0.999859728435362,0.01779891271720093,1417
B.10,0.9998558302332858,0.0203324682184656,1418
B.1.1.273,0.9998558183029408,0.02229553415191773,1419
B.1.380,0.9998557599992082,0.00902136311491445,1420
B.1.383,0.9998537748639388,0.012581190203877612,1421
B.1.1.200,0.9998532776061096,0.01709604246068871,1422
B.1.1.89,0.9998496325985556,0.008417510878159371,1423
B.1.1.262,0.9998484132606608,0.01932137613184559,1424
B.1.1.113,0.9998477490295038,0.004490669399865958,1425
B.1.393,0.9998469098292108,0.01627618676076031,1426
B.1.1.196,0.999844504132257,0.006768237023908311,1427
B.1.1.217,0.9998426630301672,0.012202006816000094,1428
B.1.547,0.9998411992807568,0.008437430632888413,1429
B.1.1.185,0.9998367407807758,0.010832468472274556,1430
B.1.1.243,0.9998342941974664,0.009902124963169012,1431
B.1.1.480,0.9998335154220775,0.00876654035140773,1432
B.1.157,0.9998317641057276,0.010238411231127786,1433
B.1.151,0.9998313949763792,0.018773150380332043,1434
B.1.70,0.999831203123802,0.010559750733240949,1435
B.1.417,0.9998300751289494,0.016944041558219793,1436
B.1.1.484,0.9998273091385356,0.012342631696555532,1437
B.1.1.346,0.9998260978968884,0.005920436494145346,1438
B.1.182,0.9998241134456606,0.00947155652821405,1439
B.1.1.228,0.999818591840331,0.0076746547351497696,1440
B.1.1.203,0.9998152656001285,0.011137192458557491,1441
B.1.540,0.999814223991838,0.010065011173783991,1442
B.1.1.53,0.999814223345157,0.01130477066380586,1443
C.23,0.9998135067778032,0.020288002819256534,1444
B.1.215,0.9998098233679484,0.008958756953380602,1445
B.1.1.210,0.9998087302143946,0.004671325480595393,1446
B.1.1.154,0.9998057699631772,0.017773656481478613,1447
B.1.1.426,0.999799083672086,0.009123318539661137,1448
B.1.1.350,0.9997968644576968,0.012923055014158781,1449
B.1.1.251,0.9997934224639272,0.00911564600181517,1450
B.1.1.41,0.9997889221149218,0.013969174298417264,1451
B.1.1.175,0.9997846636653628,0.016658136846020282,1452
B.1.1.277,0.9997836100875066,0.005723790027940514,1453
B.1.1.3,0.9997802647933678,0.027299168234382283,1454
B.1.555,0.999779660445638,0.01993909079833498,1455
B.4.8,0.9997783554189168,0.02850567331789751,1456
B.1.1.93,0.9997781419540314,0.030143216604348707,1457
B.1.1.359,0.9997744474686628,0.028630659892425053,1458
B.1.198,0.9997732554032068,0.011015187345631543,1459
B.1.1.383,0.9997691037131003,0.017982661604833354,1460
AN.1,0.9997670427934896,0.027754723649400768,1461
B.1.1.88,0.99975603162937,0.02177172595718905,1462
B.1.1.47,0.999749745307812,0.010341056485080657,1463
B.1.219,0.999742874823998,0.014183210830688044,1464
B.1.1.147,0.9997343524172928,0.0236472638257093,1465
B.1.1.467,0.9997336018067562,0.025247085678207545,1466
B.1.1.515,0.9997284279123304,0.012331142535422064,1467
B.1.1.453,0.9997254985192722,0.016791513251577222,1468
B.1.1.148,0.9997188326812312,0.016654556964767878,1469
B.1.1.403,0.9997143565867914,0.027383864221208247,1470
B.1.1.15,0.999707333172868,0.02530900959656459,1471
B.1.403,0.9996999058625488,0.014033789620842634,1472
B.23,0.9996862663608488,0.010979764605633739,1473
B.1.199,0.9996848270222294,0.012734118514863122,1474
B.1.565,0.9996592436743232,0.009196264263531697,1475
B.1.113,0.9996558142053472,0.017319484933732317,1476
B.1.1.406,0.999653675389887,0.0080448929875245,1477
B.1.224,0.9996529728793268,0.01875987909265579,1478
B.1.602,0.9996473707134972,0.01161629541689732,1479
B.1.1.291,0.9996281605297812,0.008654956951586036,1480
B.1.1.72,0.9996182159466258,0.014532070162664593,1481
B.1.1.430,0.9995997764962392,0.014843113997864064,1482
B.1.1.218,0.9995753827717824,0.020076781254562474,1483
B.1.1.466,0.999571463378715,0.024993729071265597,1484
B.1.1.274,0.9995701784446746,0.020437824647969963,1485
B.1.1.424,0.9995684842802992,0.00661608696010423,1486
B.1.250,0.9995561265072512,0.016087070110910692,1487
B.1.390,0.9995357742091392,0.006974916088897292,1488
B.1.1.227,0.9995216134260172,0.014262466448365973,1489
B.1.1.114,0.999519702784152,0.012204997614545245,1490
B.1.1.441,0.9995161854232356,0.009176173890601897,1491
B.1.254,0.999497699537513,0.023238824606023206,1492
B.1.1.26,0.9994944000046204,0.013751068145188098,1493
L.4,0.9994920930206694,0.021591822939435314,1494
B.1.93,0.9994644503772764,0.02797141020764805,1495
B.1.105,0.9994587143629172,0.024532728142953795,1496
B.1.1.389,0.9994568266683036,0.018594908414337266,1497
B.1.557,0.9994510927855176,0.019966365267806784,1498
B.1.1.30,0.9994451301118772,0.011989860145498816,1499
B.1.1.353,0.9994418889463632,0.025980796476477233,1500
B.1.96,0.9994154657381462,0.014979411427340933,1501
B.1.1.417,0.9993964577798596,0.016169010485224476,1502
B.1.1.231,0.9993714324536102,0.013062749074530016,1503
B.6,0.9993632117506416,0.009655789454586543,1504
B.1.240.1,0.9993626547518256,0.011946832409161045,1505
B.1.391,0.9993588182800106,0.01500927196264485,1506
B.1.1.279,0.9993573112899864,0.023914555400805913,1507
B.1.388,0.99933576856823,0.01866327119822902,1508
B.1.248,0.9993302441737684,0.01667141528790762,1509
B.1.1.149,0.9993250057662494,0.011445560364645653,1510
B.1.251,0.9993144854623468,0.02247627451063504,1511
B.1.1.344,0.9993143704157584,0.009317286425639568,1512
B.1.1.363,0.99930741008045,0.016309457951130917,1513
B.1.1.209,0.9993001744399724,0.013171657373414246,1514
B.1.1.323,0.9992826273859478,0.01732511971352432,1515
B.1.1.266,0.9992808120001908,0.02804735727699484,1516
B.1.1.170,0.999272756335582,0.010226184156473833,1517
B.1.1.365,0.9992721044306636,0.011261315335339079,1518
B.1.1.237,0.9992721044306636,0.011261315335339079,1519
B.1.1.360,0.9992721044306636,0.011261315335339079,1520
B.1.1.257,0.9992630575796604,0.011707969620995982,1521
B.1.1.142,0.9992630575796604,0.011707969620995982,1522
B.1.1.17,0.9992630575796604,0.011707969620995982,1523
B.1.559,0.9992311643537582,0.015353513187900316,1524
B.1.236,0.9992304733896769,0.01719387374979441,1525
B.1.1.205,0.9991785139334136,0.010171913162550103,1526
B.1.560,0.9991347119450996,0.009793479660080682,1527
B.1.1.255,0.9990700870242788,0.012270695071272611,1528
N.3,0.9990516887426764,0.014603555374944939,1529
C.30,0.99901865916942,0.021748199911415782,1530
C.30.1,0.99901865916942,0.021748199911415782,1531
B.3.1,0.9989734245335304,0.028758279307363917,1532
B.1.1.405,0.9989707778941412,0.024533952103742238,1533
B.1.94,0.9989625992014366,0.0100821404375728,1534
B.4.1,0.9989350409647638,0.0231499873911315,1535
B.1.1.376,0.9989268441517292,0.01422352511408213,1536
B.4.7,0.9988688403248432,0.02482871324155704,1537
B.1.1.54,0.9988677373934668,0.014783464360594686,1538
B.1.1.358,0.9988472815378878,0.022631189613812074,1539
N.7,0.9988367968661438,0.016455553599723557,1540
B.19,0.9988174471911851,0.013436096416547494,1541
B.1.1.33,0.9988025525275772,0.013265813869065656,1542
N.6,0.998787503176983,0.013337091068600716,1543
N.1,0.998787503176983,0.013337091068600716,1544
N.8,0.998787503176983,0.013337091068600716,1545
B.1.1.354,0.9987793425149538,0.011532207666863132,1546
B.1.104,0.998770408709141,0.01758005772646945,1547
B.3,0.998694531500284,0.022729892998483055,1548
N.2,0.9986632157740876,0.017201047750754008,1549
B.4.2,0.9986387006594784,0.018571688654485354,1550
B.4,0.998601084411542,0.016781837542957156,1551
B.4.6,0.998601084411542,0.016781837542957156,1552
B.4.4,0.9985785877151576,0.017589638969418495,1553
B.1.436,0.9985698469604096,0.024325729527684626,1554
B.4.5,0.9985676419413828,0.019905328662379616,1555
B.1.1.39,0.998515476127306,0.02490749854253651,1556
AQ.1,0.998515476127306,0.02490749854253651,1557
C.4,0.998508399771492,0.017536535720695197,1558
B.1.1.99,0.998474047417336,0.016600650245921868,1559
M.3,0.9984730039565736,0.027665618885260552,1560
B.1.1.271,0.9984046262137668,0.016295599983626903,1561
B.1.1.294,0.9984046262137668,0.016295599983626903,1562
B.1.544,0.9983792306059144,0.033446143850289045,1563
B.1.1.168,0.99835949272548,0.01082659745315685,1564
B.1.1.116,0.9983410728103448,0.02310398394850967,1565
N.4,0.9983228648871249,0.02226256838646021,1566
B.1.480,0.9982440238509088,0.03125229490831076,1567
B.1.554,0.9982333393308,0.025352370130156378,1568
B.1.1.518,0.9980678028211984,0.01920670883632759,1569
B.1.1.372,0.9978438363735356,0.013174043588509547,1570
AC.1,0.9978238570677964,0.03080670491159221,1571
B.1.1.28,0.9978165145739388,0.01717707732454045,1572
C.2,0.9977527369407768,0.024023801299165877,1573
C.3,0.9976763874114865,0.022257131306409026,1574
AE.8,0.9976305081337754,0.01955524308020682,1575
B.1.460,0.9976235965731148,0.026868262856064182,1576
C.10,0.9976208808852164,0.017278553558812228,1577
B.1.1.133,0.997620461592841,0.021074626101807444,1578
B.1.1.369,0.9975840956544272,0.02066339214045603,1579
C.25,0.99757297659964,0.013867104412310661,1580
C.32,0.99757297659964,0.013867104412310661,1581
C.8,0.99757297659964,0.013867104412310661,1582
C.26,0.99757297659964,0.013867104412310661,1583
C.6,0.99757297659964,0.013867104412310661,1584
C.9,0.99757297659964,0.013867104412310661,1585
C.14,0.99757297659964,0.013867104412310661,1586
C.12,0.99757297659964,0.013867104412310661,1587
C.1,0.99757297659964,0.013867104412310661,1588
C.7,0.99757297659964,0.013867104412310661,1589
C.11,0.99757297659964,0.013867104412310661,1590
C.33,0.99757297659964,0.013867104412310661,1591
B.1.1.1,0.99757297659964,0.013867104412310661,1592
C.35,0.99757297659964,0.013867104412310661,1593
C.34,0.99757297659964,0.013867104412310661,1594
C.27,0.9975699765319728,0.022348884753103697,1595
C.13,0.9975119254498964,0.01930541811106872,1596
C.29,0.9974705917580762,0.017083999621310783,1597
B.1.232,0.9974631796039212,0.042102505809457506,1598
C.5,0.9974523744296458,0.03038097527024751,1599
B.1.523,0.9973759563346491,0.020465098086665988,1600
C.20,0.9973359429665078,0.01630487791450421,1601
C.18,0.9973359429665078,0.01630487791450421,1602
C.22,0.9972387983836376,0.01586760913349672,1603
B.1.405,0.997236156975678,0.024774517459279218,1604
B.1.1.482,0.9972334670531576,0.021905545274401212,1605
B.1.139,0.9970142756017348,0.020431821865604514,1606
D.3,0.996979606515996,0.05839707768042904,1607
B.1.218,0.9969493237219744,0.03201506641164117,1608
B.1.1.70,0.9969405961354888,0.021338351444292466,1609
B.1.1.49,0.9967086213492424,0.019247090155886427,1610
B.1.1.182,0.9965787442879072,0.03262356196252929,1611
B.1.1.506,0.9965065122765312,0.025500339378053422,1612
B.1.1.225,0.9963068628786076,0.016996686016430094,1613
B.1.1.377,0.9962766257503144,0.03101738135479359,1614
B.1.36.25,0.9961315123464164,0.025694091891084517,1615
A.2.2,0.9959782641330645,0.08518840509726523,1616
B.1.475,0.9959627985381996,0.025470284652823638,1617
B.1.270,0.9958349560588204,0.019839730987066408,1618
B.1.110.3,0.995757174691982,0.02056149433708666,1619
B.1.159,0.9956839055049432,0.018348447402651992,1620
B.1.476,0.9956839055049432,0.018348447402651992,1621
B.1.9.4,0.9956129573581524,0.025372056930277748,1622
B.1.281,0.9955988419504492,0.019682832309040305,1623
B.1.170,0.995572468976128,0.018118054251273125,1624
B.1.1.84,0.9955292203353976,0.027874671856050543,1625
B.1.482,0.9954916696912406,0.020446763284439416,1626
B.1.282,0.995471185792118,0.023327990594700684,1627
B.1.36.34,0.9954622329267258,0.03186154176799276,1628
B.1.1.373,0.9954528120198272,0.025226225522167654,1629
B.1.273,0.9954523609602404,0.018377200582551503,1630
B.1.37,0.9954421070456876,0.018932441901883708,1631
B.1.467,0.995407022785588,0.020745738376699255,1632
B.1.385,0.9953888387732016,0.02737370336933263,1633
B.1.13,0.9953817321990776,0.018786707532628247,1634
B.1.36.7,0.9953817218761044,0.01779320557694166,1635
B.1.36.1,0.9953673010042936,0.017289810736624577,1636
B.1.36.16,0.9953673010042936,0.017289810736624577,1637
B.1.36.24,0.9953673010042936,0.017289810736624577,1638
B.1.36.35,0.9953673010042936,0.017289810736624577,1639
B.1.36.8,0.9953673010042936,0.017289810736624577,1640
B.1.36.20,0.9953614789778216,0.018364529781718077,1641
B.1.483,0.9953510935358978,0.01727111649779231,1642
B.1.439,0.9953510935358978,0.01727111649779231,1643
B.1.276,0.9953510935358978,0.01727111649779231,1644
B.1.161,0.9953510935358978,0.01727111649779231,1645
B.1.162,0.9953510935358978,0.01727111649779231,1646
B.1.110,0.9953510935358978,0.01727111649779231,1647
B.1.471,0.9953510935358978,0.01727111649779231,1648
B.1.111,0.9953510935358978,0.01727111649779231,1649
B.1.473,0.9953510935358978,0.01727111649779231,1650
B.1.158,0.9953510935358978,0.01727111649779231,1651
B.1.22,0.9953510935358978,0.01727111649779231,1652
B.1.277,0.9953510935358978,0.01727111649779231,1653
B.1.112,0.9953510935358978,0.01727111649779231,1654
B.1.462,0.9953510935358978,0.01727111649779231,1655
B.1.245,0.9953510935358978,0.01727111649779231,1656
B.1.36.10,0.9953506056571336,0.019997690285369782,1657
B.1.456,0.9953501847956352,0.02214779274598169,1658
B.1.479,0.9953395164809898,0.0199480609441903,1659
B.1.110.2,0.9953390081811172,0.017999095655352924,1660
B.1.110.1,0.9953296276386864,0.025992747576493395,1661
B.1.1.165,0.9953273289194716,0.017285530556248537,1662
B.1.533,0.9953273289194716,0.017285530556248537,1663
B.1.1.283,0.9953273289194716,0.017285530556248537,1664
B.1.478,0.9953146642550014,0.023913184374137482,1665
B.1.458,0.9953125561662252,0.02362684527520236,1666
B.1.274,0.9952930780399732,0.018638405189151996,1667
B.1.441,0.9952580674569848,0.017528332699794327,1668
B.1.164,0.9952342072326557,0.022348565157538563,1669
B.1.9.3,0.9952210353796044,0.02450318414850385,1670
B.1.9,0.995220122616842,0.019108658990514435,1671
B.1.9.2,0.995220122616842,0.019108658990514435,1672
B.1.9.5,0.995220122616842,0.019108658990514435,1673
B.1.9.1,0.9952040791956394,0.01977748399149446,1674
C.21,0.9951864878833628,0.024567540160567412,1675
B.1.124,0.9950002050544714,0.024082433328624725,1676
B.1.163,0.9949892216329468,0.020517532051887905,1677
B.1.470,0.994881814619426,0.017654315980496053,1678
B.1.443,0.9946997877703702,0.021520342210786712,1679
B.1.465,0.9946247131282224,0.019483896771608774,1680
B.1.36.12,0.994439532436831,0.0219193000106873,1681
B.1.468,0.9943834147213072,0.027130318796530554,1682
B,0.9942145604481307,0.03377982637441809,1683
B.1.1.190,0.9939892282054617,0.03567438552797372,1684
B.1.36.26,0.9938023884079842,0.029171510144042696,1685
B.59,0.9936735072192734,0.03351265944957683,1686
B.1.1.267,0.9936712522689776,0.03985571685925347,1687
B.1.279,0.9919167770283338,0.029888259386434267,1688
B.1.361,0.991043112059868,0.07817895526715905,1689
B.1.389,0.9908672431361394,0.033158537872712605,1690
B.1.1.435,0.9903355072965286,0.04465925114431613,1691
B.1.120,0.9898851071351112,0.08261000470931408,1692
B.1.1.25,0.9882597696660252,0.04080814987226264,1693
B.1.1.269,0.9874445464436796,0.04593002462448295,1694
B.1.375,0.987055259704217,0.06009950750945297,1695
B.1.126,0.9853106275863968,0.047042762222544804,1696
B.35,0.9852920845205388,0.07979452650114366,1697
B.1.1.214,0.9850533878074971,0.0640344198118373,1698
B.1.534,0.9829535303545994,0.055139297619166756,1699
B.1.1.379,0.9814698113223868,0.05533556983623183,1700
B.1.497,0.9787941128391604,0.07458356089106628,1701
B.28,0.9774080798273994,0.07584849513474541,1702
B.1.605,0.976761171182665,0.08731807855383283,1703
B.1.1.315,0.975426477927853,0.09983678941437926,1704
B.36,0.9725622770250024,0.07301360181740861,1705
B.31,0.9715671915223356,0.07333934548510172,1706
B.44,0.9710849303593816,0.07441156131139251,1707
B.29,0.9710728022406684,0.0709644779678428,1708
B.33,0.9710728022406684,0.0709644779678428,1709
B.34,0.9710728022406684,0.0709644779678428,1710
B.42,0.9710728022406684,0.0709644779678428,1711
B.38,0.9710714857452284,0.07311116912644597,1712
B.32,0.971041429930679,0.0712715406505201,1713
B.37,0.9710413870367408,0.07305707572054616,1714
B.43,0.971033372956022,0.07278900449193469,1715
B.30,0.970825882997647,0.07616802091145344,1716
B.58,0.9704723603469334,0.07189572246194413,1717
B.39,0.9704723603469334,0.07189572246194413,1718
B.41,0.969969192157953,0.07300041068737229,1719
B.1.568,0.9691824587921288,0.06179146923981982,1720
B.61,0.967638706411661,0.07355473515138848,1721
B.40,0.9675591383701804,0.07360872076149036,1722
B.60,0.9675459187901836,0.07462249834400117,1723
B.1.596.1,0.9637251492940272,0.06105410720711051,1724
AE.7,0.9577270403619504,0.08375678272916792,1725
B.1.1.296,0.957680485524918,0.09151595693835274,1726
B.1.1.14,0.9574377571372098,0.0812979613888489,1727
AD.1,0.954635861049126,0.10622710666318133,1728
B.1.1.160,0.953929712238186,0.08133981872879249,1729
B.1.1.392,0.953929712238186,0.08133981872879249,1730
B.1.1.135,0.953929712238186,0.08133981872879249,1731
B.1.1.263,0.952619792401765,0.04756730543086682,1732
B.1.313,0.952063562009869,0.05859108632948245,1733
B.1.293,0.9516909205236366,0.045163818478483324,1734
B.1.311,0.9508729471036252,0.043535369736444486,1735
B.1.362.1,0.950081977555396,0.05357346617091393,1736
B.1.591,0.949967481468034,0.04053202425292149,1737
B.1.433,0.9497499144340652,0.03598358917344083,1738
B.1.581,0.9494876712330615,0.03869745546474913,1739
B.1.582,0.9494876712330615,0.03869745546474913,1740
B.1.362.2,0.9486709143870082,0.051358463344245146,1741
B.1.541,0.948622912352196,0.04516338102016776,1742
B.1.362,0.9486005864703656,0.04566764274794547,1743
B.1.265,0.9485815985246678,0.044278300941131214,1744
B.1.428.3,0.9485188828761428,0.040584703099187706,1745
B.1.346,0.9484542964147552,0.03521316860939236,1746
B.1.292,0.9478801429982816,0.046632637603018064,1747
B.1.411,0.9477803247572812,0.03859367210236441,1748
B.1.342,0.9470909852554598,0.034122597233772464,1749
B.1.426,0.946679929561149,0.05407512223104789,1750
B.1.428.2,0.94640990855231,0.035938955112591583,1751
B.1.428.1,0.9458165026063924,0.035698520351222,1752
B.1.612,0.9431523936463324,0.03252827714231372,1753
B.1.499,0.9412399245947723,0.04042799630581812,1754
B.1.578,0.9411775030445282,0.03963351004828719,1755
B.1.499.1,0.9408643524329132,0.04700355895431159,1756
B.1.350.1,0.9406110257518804,0.03497023854721515,1757
B.1.562,0.940568329102,0.051683903422117504,1758
B.1.521,0.938587120470707,0.03921130954363603,1759
B.1.577,0.9384064631839226,0.03309195321686524,1760
B.1.264.1,0.9374313056799236,0.03732433486069208,1761
B.1.1.38,0.9372663806111662,0.02892032397085288,1762
B.1.325,0.936500799752208,0.03506754051754812,1763
B.1.585,0.9361188086296764,0.02509509311643017,1764
B.1.595.4,0.935869542961394,0.030952391918511776,1765
B.1.595,0.9356571406142266,0.028047447847967883,1766
B.1.567,0.9356571406142266,0.028047447847967883,1767
B.1.595.3,0.935653674733221,0.02855344883051085,1768
B.1.589,0.9356377215332586,0.02830195435559459,1769
B.1.595.1,0.9354145098990266,0.03369554904669759,1770
B.1.595.2,0.9352158366082708,0.03673182463305906,1771
B.1.601,0.934964748554518,0.03070448830196578,1772
B.1.334,0.9348690023379708,0.029395360596349486,1773
B.1.3,0.9348447128553288,0.02561389066064812,1774
B.1.337,0.9348362119898715,0.028290237744185983,1775
B.1.503,0.9348098096471168,0.02465092329285929,1776
B.1.586,0.9347868935262046,0.025923835894297,1777
B.1.328,0.934765005384386,0.023904349674988248,1778
B.1.570,0.9345307486760162,0.03343528201159753,1779
B.1.298,0.934402320387159,0.027877515425691446,1780
B.1.492,0.9342319164551564,0.02522578863297088,1781
B.1.452,0.9341282081948602,0.0251833746763049,1782
B.1.304,0.9341164309536738,0.03403142797011986,1783
B.1.569,0.9340587630311264,0.030902504987156094,1784
B.1.496,0.9334339090513184,0.02584761516602344,1785
B.1.330,0.9333982415039486,0.02663295874332896,1786
B.1.357,0.9333858298096762,0.035561811258847574,1787
B.1.494,0.933354710089411,0.02599380943832712,1788
B.1.598,0.9333195150619106,0.023993323215236402,1789
B.1.168,0.9332949409126752,0.027686645344045503,1790
B.1.597,0.9332891108021784,0.030081480928806706,1791
B.1.305,0.933244016056178,0.034609859326894594,1792
B.1.611,0.9332241155053376,0.027242186802792435,1793
B.1.501,0.9331987179093764,0.03188898566621798,1794
B.1.349,0.9331517894267084,0.022235783388302635,1795
B.1.310,0.9331237923873996,0.02750112014727498,1796
B.1.576,0.9331075137978068,0.024954902402971612,1797
B.1.348,0.9331053196592471,0.027556085228870042,1798
B.1.516,0.9330902984478064,0.02581158323111649,1799
B.1.291,0.9330784709310171,0.022455828557087925,1800
B.1.500,0.9330698572004748,0.025991918770354023,1801
B.1.504,0.9330062776373498,0.022091380077201336,1802
B.1.326,0.9329809122637432,0.02822981073635761,1803
B.1.116,0.9329550384245376,0.022885556312260535,1804
B.1.495,0.9329479977675056,0.02218271235240533,1805
B.1.445,0.9329360785801138,0.03063056224713882,1806
B.1.498,0.9329333082059886,0.021502452386275687,1807
B.1.505,0.9329333082059886,0.021502452386275687,1808
B.1.502,0.9329333082059886,0.021502452386275687,1809
B.1.507,0.9329333082059886,0.021502452386275687,1810
B.1.508,0.9329170720078636,0.0219310314079244,1811
B.1.594,0.9328967732356324,0.031138998522128983,1812
B.1.115,0.9328947860729816,0.028002623011034265,1813
B.1.493,0.9328929405691512,0.026875388580974983,1814
B.1.359,0.9328712943322228,0.024372741253928947,1815
B.1.315,0.9328615308426524,0.025059807129358756,1816
B.1.564.1,0.9328611364000602,0.02287627007558321,1817
B.1.515,0.9328554329439794,0.02708233325068273,1818
B.1.12,0.9328511006459206,0.03230590957792823,1819
B.1.356,0.9328511006459206,0.03230590957792823,1820
B.1.309,0.932830339627464,0.03359101392452715,1821
B.1.425,0.9328232521204196,0.026788409265047358,1822
B.1.302,0.9328170501202824,0.021857056760726398,1823
B.1.343,0.9328125142904417,0.026389002382704436,1824
B.1.294,0.9328065656472534,0.022845886750505286,1825
B.1.367,0.9328001518961366,0.04183881833069616,1826
B.1.289,0.9327934625231188,0.021848762562154248,1827
B.1.518,0.9327868053455012,0.026851377777837762,1828
B.1.360,0.9327816344378734,0.025415887702650013,1829
B.1.284,0.9327752427999848,0.021665813373490744,1830
B.1.592,0.9327688057542692,0.02313885969198011,1831
B.1.321,0.932766910098292,0.025141376950340896,1832
B.1.167,0.9327570893412656,0.025836584919461537,1833
B.1.117,0.9327493741444534,0.021589318285308627,1834
B.1.338,0.9327493434887122,0.02449347039569645,1835
B.1.573,0.9327401425856234,0.02119933979146696,1836
B.1.354,0.9327401425856234,0.02119933979146696,1837
B.1.316,0.9327401425856234,0.02119933979146696,1838
B.1.324,0.9327401425856234,0.02119933979146696,1839
B.1.453,0.9327401425856234,0.02119933979146696,1840
B.1.306,0.9327401425856234,0.02119933979146696,1841
B.1.320,0.9327401425856234,0.02119933979146696,1842
B.1.335,0.9327401425856234,0.02119933979146696,1843
B.1.329,0.9327401425856234,0.02119933979146696,1844
B.1.350,0.9327401425856234,0.02119933979146696,1845
B.1.301,0.9327401425856234,0.02119933979146696,1846
B.1.366,0.9327401425856234,0.02119933979146696,1847
B.1.432,0.9327401425856234,0.02119933979146696,1848
B.1.413,0.9327401425856234,0.02119933979146696,1849
B.1.511,0.9327401425856234,0.02119933979146696,1850
B.1.39,0.9327401425856234,0.02119933979146696,1851
B.1.572,0.9327401425856234,0.02119933979146696,1852
B.1.336,0.9327401425856234,0.02119933979146696,1853
B.1.108,0.9327401425856234,0.02119933979146696,1854
B.1.323,0.9327401425856234,0.02119933979146696,1855
B.1.564,0.9327401425856234,0.02119933979146696,1856
B.1.485,0.9327401425856234,0.02119933979146696,1857
B.1.319,0.93273947258104,0.023131647997436375,1858
B.1.38,0.932738598672268,0.02724882331332754,1859
B.1.579,0.932736404066752,0.021587194607178152,1860
B.1.355,0.9327272594220454,0.029617030536670193,1861
B.1.267,0.9327257363226316,0.023928751799600377,1862
B.1.333,0.9327195704946852,0.022467280000765793,1863
B.1.118,0.9327153183671424,0.023301472152971656,1864
B.1.358,0.9327110831415608,0.02926068717857671,1865
B.1.40,0.932706700115466,0.02381104562542643,1866
B.1.344,0.9327033170507718,0.021513060365328483,1867
B.1.513,0.9326914327652772,0.02250545393358797,1868
B.1.268,0.9326899124539504,0.02313579944709214,1869
B.1.487,0.9326861823890608,0.02754009110979162,1870
B.1.451,0.932663980764817,0.023832704289466697,1871
B.1.520,0.9326624660295536,0.02792886604939154,1872
B.1.166,0.9326520503542302,0.024272837053885908,1873
B.1.424,0.9326351051663548,0.023061255764627767,1874
B.1.428,0.9326248104814426,0.023221962764268706,1875
B.1.613,0.9326248104814426,0.023221962764268706,1876
B.1.369,0.9326237211375442,0.022351453796711905,1877
B.1.486,0.9326139288868752,0.02392974250918343,1878
B.1.341,0.9326111522244076,0.025501121050049834,1879
B.1.444,0.932608031401663,0.02718684066608154,1880
B.1.287,0.9326048175634648,0.02548006000933957,1881
B.1.450,0.932595901481838,0.022914455948587063,1882
B.1.571,0.9325768774669314,0.022279473521171295,1883
B.1.510,0.9325718246499098,0.02561711454795258,1884
B.1.314,0.9324969581135932,0.025327424212164794,1885
B.1.332,0.932490145160522,0.024937145813353784,1886
B.1.437,0.9324634712805282,0.024041202215467072,1887
B.1.370,0.9324583540508397,0.023218337834992216,1888
B.1.264,0.932393893971902,0.02279553171728188,1889
B.1.509,0.9323297629779946,0.023869191698921155,1890
B.1.431,0.9321033543362716,0.023355046897413533,1891
B.1.340,0.9316220019207818,0.028238690160766168,1892
B.1.590,0.9308274229525788,0.029919606135031786,1893
B.1.369.1,0.9307732995890142,0.04011903072437011,1894
B.1.422,0.930586464757953,0.02846282384036033,1895
B.1.506,0.9296379092241218,0.035007592142105026,1896
B.1.308,0.9294628057119624,0.034191491923775234,1897
B.1.363,0.9292180486084828,0.033119032061139135,1898
B.1.574,0.9286103255735428,0.030932903636896377,1899
B.1.263,0.9169519472548614,0.05484732242418793,1900
B.1.435,0.9152740951993372,0.058260428990026245,1901
B.1.177.31,0.8959775213005893,0.09164832741548677,1902
B.1.614,0.8948995862158176,0.08903422379235605,1903
B.1.491,0.8927783492084177,0.08703389447013844,1904
B.1.489,0.8927489246370336,0.08606729538728608,1905
B.1.607,0.8926995405415076,0.08562882032300448,1906
B.1.490,0.8926707476125725,0.08581011058218871,1907
B.1.488,0.8925115097512056,0.08577615630530949,1908
B.1.318,0.8867783105099435,0.08417761360224857,1909
B.1.448,0.8859702414613886,0.08980348858806209,1910
A.23,0.8845479640518666,0.13332510506542633,1911
B.1.36.33,0.8822998404430705,0.04091790482914283,1912
B.1.372,0.8681164706671275,0.10102793153587038,1913
B.1.606,0.8639031345106923,0.11585573382551503,1914
AD.2.1,0.8633793672031596,0.10618387574646912,1915
AD.2,0.8632136668144299,0.10598605115974637,1916
B.1.44,0.8467618737568369,0.1180620405186578,1917
A.7,0.8440289739491876,0.09173698776510378,1918
B.1.1.284,0.8040459303199472,0.05879260527393446,1919
A.21,0.7894858219543277,0.09777895489037314,1920
A.2.4,0.7411658072166438,0.06850619804403038,1921
A.2.3,0.7409511776306628,0.0741177015787324,1922
A.2,0.7370124990222443,0.06604136872132539,1923
A.15,0.734951346149007,0.06455436240406862,1924
A.24,0.7349338792150473,0.06450933390938253,1925
A.26,0.7349338792150473,0.06450933390938253,1926
A.25,0.7349338792150473,0.06450933390938253,1927
A.17,0.7344298216104639,0.06827441800285192,1928
A.12,0.732715312383361,0.06496608373233043,1929
A.4,0.7317427279760635,0.06275426471023984,1930
A.18,0.7317087238117763,0.06311763272549216,1931
A.11,0.7317049160421597,0.061734026951347304,1932
A.9,0.7317049160421597,0.061734026951347304,1933
A.22,0.7317049160421597,0.061734026951347304,1934
A.19,0.731596059681455,0.061904784515717334,1935
A,0.7301547603603759,0.06079311383864205,1936
A.5,0.728604604678592,0.059797235149219856,1937
A.6,0.7285476671897205,0.06555950926569504,1938
A.16,0.7284705339298477,0.06119484393304976,1939
A.3,0.7265864781921123,0.06366189347647615,1940
B.1.1.288,0.6377054829607273,0.10288781948226351,1941
A.1,0.4402091653320355,0.062216365937316005,1942
