,2019-12-01,2019-12-15,2019-12-29,2020-01-12,2020-01-26,2020-02-09,2020-02-23,2020-03-08,2020-03-22,2020-04-05,2020-04-19,2020-05-03,2020-05-17,2020-05-31,2020-06-14,2020-06-28,2020-07-12,2020-07-26,2020-08-09,2020-08-23,2020-09-06,2020-09-20,2020-10-04,2020-10-18,2020-11-01,2020-11-15,2020-11-29,2020-12-13,2020-12-27,2021-01-10,2021-01-24,2021-02-07,2021-02-21,2021-03-07,2021-03-21,2021-04-04,2021-04-18,2021-05-02,2021-05-16,2021-05-30,2021-06-13,2021-06-27,2021-07-11,2021-07-25,2021-08-08,2021-08-22,2021-09-05,2021-09-19,2021-10-03,2021-10-17,2021-10-31,2021-11-14,2021-11-28,2021-12-12,2021-12-26,2022-01-09,2022-01-23,2022-02-06,2022-02-20,2022-03-06,2022-03-20,2022-04-03
Europe / Portugal,0.0,0.0,0.0,0.0,0.0,0.0,0.0,0.0,0.0,0.0,0.0,0.0,0.0,0.0,0.0,0.0,0.0,0.0,0.0,0.0,0.0,0.0,0.0,0.0,0.0,0.0,0.0,0.0,0.0,0.0,0.003,0.011399999999999999,0.0262,0.031200000000000002,0.0475,0.0583,0.069,0.0915,0.1388,0.1917,0.2556,0.3283,0.44146,0.5395,0.6476999999999999,0.7175,0.7751,0.8372833333333334,0.8589714285714286,0.8680285714285715,0.8737857142857143,0.8775142857142857,0.8830928571428571,0.8881,0.89345,0.8986,0.9031999999999999,0.9089,0.9147,0.9257,0.9259999999999999,0.9259999999999999
Europe / Belgium,0.0,0.0,0.0,0.0,0.0,0.0,0.0,0.0,0.0,0.0,0.0,0.0,0.0,0.0,0.0,0.0,0.0,0.0,0.0,0.0,0.0,0.0,0.0,0.0,0.0,0.0,0.0,0.0,0.0,0.0,0.0001,0.0106,0.0263,0.032400000000000005,0.0412,0.0529,0.0661,0.07629999999999999,0.12380000000000001,0.1873,0.27399999999999997,0.3373,0.42590000000000006,0.5415,0.6377,0.6825,0.7106,0.7206999999999999,0.7299,0.7359,0.7411,0.7453,0.7502,0.7543000000000001,0.758,0.7598999999999999,0.7619,0.768,0.7783,0.7820999999999999,0.7844,0.7853
Asia / Japan,0.0,0.0,0.0,0.0,0.0,0.0,0.0,0.0,0.0,0.0,0.0,0.0,0.0,0.0,0.0,0.0,0.0,0.0,0.0,0.0,0.0,0.0,0.0,0.0,0.0,0.0,0.0,0.0,0.0,0.0,0.0,0.0,0.0,0.0,0.0002,0.0017666666666666666,0.005699999999999999,0.0083,0.015600000000000001,0.03,0.0593,0.1235,0.1968,0.2647,0.339975,0.4108,0.47887500000000005,0.54295,0.6122,0.6731999999999999,0.7238,0.7547,0.7709999999999999,0.7779,0.781725,0.7882384615384616,0.7906,0.7925,0.7942,0.7959999999999999,0.79725,0.7992
Asia / Singapore,0.0,0.0,0.0,0.0,0.0,0.0,0.0,0.0,0.0,0.0,0.0,0.0,0.0,0.0,0.0,0.0,0.0,0.0,0.0,0.0,0.0,0.0,0.0,0.0,0.0,0.0,0.0,0.0,0.0,0.0,0.0,0.004,0.025,0.0393,0.0519,0.08560000000000001,0.1496,0.2053,0.2498,0.3074,0.35100000000000003,0.3751,0.41859999999999997,0.5324,0.6744,0.7418,0.7683,0.7845,0.7965000000000001,0.8043,0.8106,0.8183,0.8242,0.8314,0.8371,0.8421,0.8487,0.8637999999999999,0.8815000000000001,0.8906000000000001,0.8991,0.9057
Europe / Germany,0.0,0.0,0.0,0.0,0.0,0.0,0.0,0.0,0.0,0.0,0.0,0.0,0.0,0.0,0.0,0.0,0.0,0.0,0.0,0.0,0.0,0.0,0.0,0.0,0.0,0.0,0.0,0.0,0.0,0.0,0.0032,0.0126,0.0217,0.030699999999999998,0.0409,0.054000000000000006,0.0662,0.0802,0.1137,0.1789,0.2676,0.3586,0.4313,0.5012,0.5563,0.5971,0.6196,0.6378,0.6535,0.6642,0.6735,0.6819,0.6916,0.7028,0.7155,0.7264,0.7413,0.7515999999999999,0.7584000000000001,0.7624,0.7646,0.7662
Europe / Finland,0.0,0.0,0.0,0.0,0.0,0.0,0.0,0.0,0.0,0.0,0.0,0.0,0.0,0.0,0.0,0.0,0.0,0.0,0.0,0.0,0.0,0.0,0.0,0.0,0.0,0.0,0.0,0.0,0.0,0.0,0.0009,0.0096,0.0138,0.0159,0.0163,0.0167,0.0235,0.0321,0.0521,0.0892,0.13369999999999999,0.17809999999999998,0.2466,0.3172,0.3908,0.467,0.5371,0.5912,0.6355,0.6716,0.7005,0.7173,0.727,0.7363,0.736754054054054,0.7372081081081081,0.74076,0.75315,0.7601,0.7635,0.7743,0.7771
Europe / Slovenia,0.0,0.0,0.0,0.0,0.0,0.0,0.0,0.0,0.0,0.0,0.0,0.0,0.0,0.0,0.0,0.0,0.0,0.0,0.0,0.0,0.0,0.0,0.0,0.0,0.0,0.0,0.0,0.0,0.0,0.0,0.0052,0.0222,0.0254,0.0316,0.051399999999999994,0.058600000000000006,0.0717,0.1063,0.1425,0.198,0.2703,0.3184,0.3655,0.3921,0.4144,0.4355,0.454,0.4803,0.4997,0.5279,0.5372,0.5433,0.5508,0.5623,0.5702,0.5748,0.5803,0.5836,0.5856,0.5863,0.5867,0.5870000000000001
Asia / South Korea,0.0,0.0,0.0,0.0,0.0,0.0,0.0,0.0,0.0,0.0,0.0,0.0,0.0,0.0,0.0,0.0,0.0,0.0,0.0,0.0,0.0,0.0,0.0,0.0,0.0,0.0,0.0,0.0,0.0,0.0,0.0,0.0,0.0,0.0003,0.0004,0.0011,0.0022,0.0059,0.0199,0.0436,0.060700000000000004,0.0929,0.1173,0.1371,0.1542,0.22949999999999998,0.3503,0.43579999999999997,0.5303,0.6505,0.7574,0.7848,0.8001,0.8149,0.826,0.8406,0.8553000000000001,0.8609,0.8642,0.8656999999999999,0.8669,0.8675
Asia / Israel,0.0,0.0,0.0,0.0,0.0,0.0,0.0,0.0,0.0,0.0,0.0,0.0,0.0,0.0,0.0,0.0,0.0,0.0,0.0,0.0,0.0,0.0,0.0,0.0,0.0,0.0,0.0,0.0,0.0,0.0007000000000000001,0.12539999999999998,0.23129999999999998,0.3248,0.4108,0.4935,0.5233,0.5378000000000001,0.5463,0.551,0.5548,0.5565,0.5582,0.5621,0.5746,0.5843,0.5895,0.5969,0.6047,0.612,0.6168,0.6198,0.6221,0.6239,0.6255,0.6355,0.644,0.6537000000000001,0.6579,0.659,0.6594,0.6597,0.66
Europe / Latvia,0.0,0.0,0.0,0.0,0.0,0.0,0.0,0.0,0.0,0.0,0.0,0.0,0.0,0.0,0.0,0.0,0.0,0.0,0.0,0.0,0.0,0.0,0.0,0.0,0.0,0.0,0.0,0.0,0.0,0.0,0.0012,0.0078000000000000005,0.0091,0.0098,0.0104,0.0137,0.015600000000000001,0.03,0.06709999999999999,0.1435,0.2281,0.2755,0.3318,0.3554,0.3763,0.39490000000000003,0.4139,0.4335,0.4639,0.5025999999999999,0.5434,0.5979,0.6333,0.6589,0.6717,0.6812,0.6872,0.6915,0.6945999999999999,0.6962,0.6970999999999999,0.6977
Europe / Turkey,0.0,0.0,0.0,0.0,0.0,0.0,0.0,0.0,0.0,0.0,0.0,0.0,0.0,0.0,0.0,0.0,0.0,0.0,0.0,0.0,0.0,0.0,0.0,0.0,0.0,0.0,0.0,0.0,0.0,0.0,0.0,0.0,0.0124,0.0281,0.0593,0.0839,0.0916,0.10830000000000001,0.1273,0.1459,0.16149999999999998,0.1754,0.204,0.2737,0.33840000000000003,0.4127,0.45020000000000004,0.49420000000000003,0.5294,0.5562,0.5721,0.5835,0.5921,0.5987,0.6045,0.6102000000000001,0.6145,0.6174000000000001,0.6199,0.6215999999999999,0.6224000000000001,0.623
Europe / Lithuania / Vilniaus,0.0,0.0,0.0,0.0,0.0,0.0,0.0,0.0,0.0,0.0,0.0,0.0,0.0,0.0,0.0,0.0,0.0,0.0,0.0,0.0,0.0,0.0,0.0,0.0,0.0,0.0,0.0,0.0,0.0,0.0,0.0034000000000000002,0.0176,0.0256,0.0326,0.0473,0.0667,0.07919999999999999,0.1155,0.16820000000000002,0.2223,0.2913,0.3697,0.4243,0.4518,0.48619999999999997,0.5364,0.5727,0.5954999999999999,0.6145,0.6299,0.6416,0.6507,0.6607999999999999,0.6711,0.6781999999999999,0.685,0.6897,0.6931999999999999,0.6947,0.6955,0.6959000000000001,0.6962999999999999
North America / USA / Montana,0.0,0.0,0.0,0.0,0.0,0.0,0.0,0.0,0.0,0.0,0.0,0.0,0.0,0.0,0.0,0.0,0.0,0.0,0.0,0.0,0.0,0.0,0.0,0.0,0.0,0.0,0.0,0.0,0.0,0.0,0.0132,0.0339,0.0663,0.1124,0.1574,0.21420000000000003,0.2724,0.3293,0.36310000000000003,0.38280000000000003,0.4054,0.4216,0.4351,0.4407,0.4468,0.4542,0.46353333333333335,0.47740000000000005,0.4865,0.4965,0.5049,0.5119,0.518,0.5289,0.5384249999999999,0.5429999999999999,0.5499,0.5543,0.5579,0.5605,0.5623,0.5643
Europe / Germany / Saxony,0.0,0.0,0.0,0.0,0.0,0.0,0.0,0.0,0.0,0.0,0.0,0.0,0.0,0.0,0.0,0.0,0.0,0.0,0.0,0.0,0.0,0.0,0.0,0.0,0.0,0.0,0.0,0.0,0.0,0.0,0.0032,0.0126,0.0217,0.030699999999999998,0.0409,0.054000000000000006,0.0662,0.0802,0.1137,0.1789,0.2676,0.3586,0.4313,0.5012,0.5563,0.5971,0.6196,0.6378,0.6535,0.6642,0.6735,0.6819,0.6916,0.7028,0.7155,0.7264,0.7413,0.7515999999999999,0.7584000000000001,0.7624,0.7646,0.7662
Asia / Japan / Osaka,0.0,0.0,0.0,0.0,0.0,0.0,0.0,0.0,0.0,0.0,0.0,0.0,0.0,0.0,0.0,0.0,0.0,0.0,0.0,0.0,0.0,0.0,0.0,0.0,0.0,0.0,0.0,0.0,0.0,0.0,0.0,0.0,0.0,0.0,0.0002,0.0017666666666666666,0.005699999999999999,0.0083,0.015600000000000001,0.03,0.0593,0.1235,0.1968,0.2647,0.339975,0.4108,0.47887500000000005,0.54295,0.6122,0.6731999999999999,0.7238,0.7547,0.7709999999999999,0.7779,0.781725,0.7882384615384616,0.7906,0.7925,0.7942,0.7959999999999999,0.79725,0.7992
Europe / Sweden / Skane,0.0,0.0,0.0,0.0,0.0,0.0,0.0,0.0,0.0,0.0,0.0,0.0,0.0,0.0,0.0,0.0,0.0,0.0,0.0,0.0,0.0,0.0,0.0,0.0,0.0,0.0,0.0,0.0,0.0,0.0,0.0009,0.008,0.0226,0.031400000000000004,0.04019999999999999,0.053399999999999996,0.0689,0.0753,0.1011,0.1497,0.22640000000000002,0.3069,0.3594,0.3953,0.45,0.524,0.5915,0.6303,0.654,0.6674,0.6769,0.6853,0.6993,0.7132999999999999,0.7221,0.7265,0.7361,0.7408,0.7445999999999999,0.7468,0.7482,0.7490000000000001
Europe / Germany / Saxony Anhalt,0.0,0.0,0.0,0.0,0.0,0.0,0.0,0.0,0.0,0.0,0.0,0.0,0.0,0.0,0.0,0.0,0.0,0.0,0.0,0.0,0.0,0.0,0.0,0.0,0.0,0.0,0.0,0.0,0.0,0.0,0.0032,0.0126,0.0217,0.030699999999999998,0.0409,0.054000000000000006,0.0662,0.0802,0.1137,0.1789,0.2676,0.3586,0.4313,0.5012,0.5563,0.5971,0.6196,0.6378,0.6535,0.6642,0.6735,0.6819,0.6916,0.7028,0.7155,0.7264,0.7413,0.7515999999999999,0.7584000000000001,0.7624,0.7646,0.7662
Europe / France / Grand Est,0.0,0.0,0.0,0.0,0.0,0.0,0.0,0.0,0.0,0.0,0.0,0.0,0.0,0.0,0.0,0.0,0.0,0.0,0.0,0.0,0.0,0.0,0.0,0.0,0.0,0.0,0.0,0.0,0.0,0.0,0.0,0.0038,0.0176,0.028999999999999998,0.0365,0.0466,0.0675,0.0981,0.1335,0.1641,0.21489999999999998,0.2914,0.3764,0.4537,0.5028,0.5573,0.6154999999999999,0.6454000000000001,0.6634,0.6748000000000001,0.6827,0.6896,0.6984,0.7132999999999999,0.7298,0.7451000000000001,0.7592,0.7693000000000001,0.7765000000000001,0.7794,0.7805,0.7811
North America / USA / Rhode Island,0.0,0.0,0.0,0.0,0.0,0.0,0.0,0.0,0.0,0.0,0.0,0.0,0.0,0.0,0.0,0.0,0.0,0.0,0.0,0.0,0.0,0.0,0.0,0.0,0.0,0.0,0.0,0.0,0.0,0.0,0.0125,0.0318,0.0582,0.0862,0.1485,0.2376,0.3161,0.37770000000000004,0.46380000000000005,0.5154,0.5513,0.5834,0.599,0.6101,0.6212,0.6374,0.6536000000000001,0.6696,0.6859999999999999,0.6988,0.7093,0.7170000000000001,0.7242,0.7482,0.7605999999999999,0.7720999999999999,0.7837000000000001,0.7944,0.8037,0.8088,0.813,0.8168000000000001
North America / USA / Louisiana,0.0,0.0,0.0,0.0,0.0,0.0,0.0,0.0,0.0,0.0,0.0,0.0,0.0,0.0,0.0,0.0,0.0,0.0,0.0,0.0,0.0,0.0,0.0,0.0,0.0,0.0,0.0,0.0,0.0,0.0,0.0091,0.036000000000000004,0.06405,0.09029999999999999,0.1335,0.1821,0.233,0.2664,0.29510000000000003,0.3122,0.32549999999999996,0.3432,0.3579,0.3657,0.37560000000000004,0.3986,0.42383333333333334,0.4436,0.4571,0.4675,0.4771,0.4829,0.48828,0.4954,0.5012,0.507,0.5151,0.5206000000000001,0.5241666666666667,0.5268,0.5302,0.5322
North America / USA / Kentucky,0.0,0.0,0.0,0.0,0.0,0.0,0.0,0.0,0.0,0.0,0.0,0.0,0.0,0.0,0.0,0.0,0.0,0.0,0.0,0.0,0.0,0.0,0.0,0.0,0.0,0.0,0.0,0.0,0.0,0.0,0.0066,0.0275,0.056799999999999996,0.0964,0.1383,0.19879999999999998,0.2758,0.3245,0.3619,0.38409999999999994,0.4033,0.4302,0.4439,0.4521,0.462,0.4756,0.487903448275862,0.49246551724137927,0.4970275862068965,0.5015896551724137,0.5072,0.5146999999999999,0.52052,0.5338,0.540575,0.5462,0.5542,0.5586,0.5630999999999999,0.5656,0.5685,0.5705
North America / USA / North Carolina,0.0,0.0,0.0,0.0,0.0,0.0,0.0,0.0,0.0,0.0,0.0,0.0,0.0,0.0,0.0,0.0,0.0,0.0,0.0,0.0,0.0,0.0,0.0,0.0,0.0,0.0,0.0,0.0,0.0,0.0,0.008,0.025,0.06475,0.0941,0.1369,0.1802,0.2473,0.30219999999999997,0.3407,0.3608,0.37629999999999997,0.39159999999999995,0.4257,0.43439999999999995,0.4426,0.4537,0.4696666666666667,0.4868,0.5008,0.5171,0.5267000000000001,0.5347999999999999,0.5405,0.555,0.565625,0.5722999999999999,0.581,0.5871,0.5915333333333334,0.5949,0.5972999999999999,0.6003000000000001
North America / USA / Alabama,0.0,0.0,0.0,0.0,0.0,0.0,0.0,0.0,0.0,0.0,0.0,0.0,0.0,0.0,0.0,0.0,0.0,0.0,0.0,0.0,0.0,0.0,0.0,0.0,0.0,0.0,0.0,0.0,0.0,0.0,0.0060999999999999995,0.0176,0.044800000000000006,0.083,0.11560000000000001,0.1448,0.1924,0.2377,0.2755,0.2921,0.3041,0.3231,0.3331,0.3404,0.34840000000000004,0.36340000000000006,0.39166666666666666,0.4127,0.4289,0.4396,0.44780000000000003,0.4545,0.46108000000000005,0.4686,0.47452500000000003,0.4804,0.4919,0.4965,0.5007,0.5035000000000001,0.5056,0.507
Europe / Spain / Castilla Y Leon,0.0,0.0,0.0,0.0,0.0,0.0,0.0,0.0,0.0,0.0,0.0,0.0,0.0,0.0,0.0,0.0,0.0,0.0,0.0,0.0,0.0,0.0,0.0,0.0,0.0,0.0,0.0,0.0,0.0,0.0,0.0019,0.0168,0.0256,0.0296,0.044,0.060899999999999996,0.07239999999999999,0.1094,0.1543,0.1973,0.2741,0.3553,0.4661,0.555,0.6115999999999999,0.6727,0.7331,0.772,0.7861,0.7931,0.7985333333333333,0.8017,0.8040999999999999,0.807,0.8098000000000001,0.8146,0.8181,0.8199,0.8312,0.8433142857142857,0.8569142857142856,0.8615285714285714
Europe / Germany / Rhineland Palatinate,0.0,0.0,0.0,0.0,0.0,0.0,0.0,0.0,0.0,0.0,0.0,0.0,0.0,0.0,0.0,0.0,0.0,0.0,0.0,0.0,0.0,0.0,0.0,0.0,0.0,0.0,0.0,0.0,0.0,0.0,0.0032,0.0126,0.0217,0.030699999999999998,0.0409,0.054000000000000006,0.0662,0.0802,0.1137,0.1789,0.2676,0.3586,0.4313,0.5012,0.5563,0.5971,0.6196,0.6378,0.6535,0.6642,0.6735,0.6819,0.6916,0.7028,0.7155,0.7264,0.7413,0.7515999999999999,0.7584000000000001,0.7624,0.7646,0.7662
North America / USA / North Dakota,0.0,0.0,0.0,0.0,0.0,0.0,0.0,0.0,0.0,0.0,0.0,0.0,0.0,0.0,0.0,0.0,0.0,0.0,0.0,0.0,0.0,0.0,0.0,0.0,0.0,0.0,0.0,0.0,0.0,0.0,0.020499999999999997,0.049400000000000006,0.08215,0.1189,0.168,0.22899999999999998,0.2956,0.3319,0.3521,0.36590000000000006,0.37579999999999997,0.3871,0.39390000000000003,0.39899999999999997,0.4042,0.4115,0.4212,0.43329999999999996,0.4451,0.4543,0.45899999999999996,0.4817,0.4868,0.5154,0.5235500000000001,0.5301,0.5379,0.5409,0.5435,0.545,0.5458,0.5465
North America / USA / Wyoming,0.0,0.0,0.0,0.0,0.0,0.0,0.0,0.0,0.0,0.0,0.0,0.0,0.0,0.0,0.0,0.0,0.0,0.0,0.0,0.0,0.0,0.0,0.0,0.0,0.0,0.0,0.0,0.0,0.0,0.0,0.0085,0.0256,0.0682,0.1114,0.1477,0.2052,0.2414,0.2805,0.3036,0.3182,0.3301,0.3411,0.35710000000000003,0.3635,0.3699,0.3791,0.3932,0.40630000000000005,0.41659999999999997,0.4301,0.4389,0.44789999999999996,0.45484,0.4642,0.473125,0.479,0.496,0.5001,0.5045333333333334,0.5072,0.5091,0.511
North America / Mexico / Mexico,0.0,0.0,0.0,0.0,0.0,0.0,0.0,0.0,0.0,0.0,0.0,0.0,0.0,0.0,0.0,0.0,0.0,0.0,0.0,0.0,0.0,0.0,0.0,0.0,0.0,0.0,0.0,0.0,0.0,0.0,0.0002,0.0006,0.0034999999999999996,0.0046,0.0055000000000000005,0.0085,0.0301,0.059800000000000006,0.0814,0.0951,0.11560000000000001,0.14550000000000002,0.1594,0.1839,0.20829999999999999,0.23739999999999997,0.2735,0.3201,0.35259999999999997,0.3898,0.465,0.4864,0.4984,0.5078,0.5583,0.5685,0.5874,0.5957,0.6039,0.6073,0.6106,0.6124333333333334
Europe / France / Hauts De France,0.0,0.0,0.0,0.0,0.0,0.0,0.0,0.0,0.0,0.0,0.0,0.0,0.0,0.0,0.0,0.0,0.0,0.0,0.0,0.0,0.0,0.0,0.0,0.0,0.0,0.0,0.0,0.0,0.0,0.0,0.0,0.0038,0.0176,0.028999999999999998,0.0365,0.0466,0.0675,0.0981,0.1335,0.1641,0.21489999999999998,0.2914,0.3764,0.4537,0.5028,0.5573,0.6154999999999999,0.6454000000000001,0.6634,0.6748000000000001,0.6827,0.6896,0.6984,0.7132999999999999,0.7298,0.7451000000000001,0.7592,0.7693000000000001,0.7765000000000001,0.7794,0.7805,0.7811
Asia / Japan / Fukuoka,0.0,0.0,0.0,0.0,0.0,0.0,0.0,0.0,0.0,0.0,0.0,0.0,0.0,0.0,0.0,0.0,0.0,0.0,0.0,0.0,0.0,0.0,0.0,0.0,0.0,0.0,0.0,0.0,0.0,0.0,0.0,0.0,0.0,0.0,0.0002,0.0017666666666666666,0.005699999999999999,0.0083,0.015600000000000001,0.03,0.0593,0.1235,0.1968,0.2647,0.339975,0.4108,0.47887500000000005,0.54295,0.6122,0.6731999999999999,0.7238,0.7547,0.7709999999999999,0.7779,0.781725,0.7882384615384616,0.7906,0.7925,0.7942,0.7959999999999999,0.79725,0.7992
Europe / Denmark / Midtjylland,0.0,0.0,0.0,0.0,0.0,0.0,0.0,0.0,0.0,0.0,0.0,0.0,0.0,0.0,0.0,0.0,0.0,0.0,0.0,0.0,0.0,0.0,0.0,0.0,0.0,0.0,0.0,0.0,0.0,0.0,0.0042,0.0217,0.0273,0.0319,0.0501,0.06509999999999999,0.08109999999999999,0.109,0.1723,0.2087,0.25120000000000003,0.3118,0.3979,0.5051,0.5935,0.6876000000000001,0.7259,0.7402,0.7483,0.7539,0.7578,0.7617,0.7665000000000001,0.775,0.7834,0.8055,0.8177,0.8219,0.8234,0.8242,0.8245999999999999,0.8249
North America / USA / Nebraska,0.0,0.0,0.0,0.0,0.0,0.0,0.0,0.0,0.0,0.0,0.0,0.0,0.0,0.0,0.0,0.0,0.0,0.0,0.0,0.0,0.0,0.0,0.0,0.0,0.0,0.0,0.0,0.0,0.0,0.0,0.0115,0.0341,0.060200000000000004,0.1003,0.1502,0.2041,0.2753,0.3348,0.3909,0.4214,0.4422,0.47090000000000004,0.4817,0.4919,0.4993,0.5111,0.5254333333333333,0.5367000000000001,0.5477000000000001,0.5557,0.5624,0.568,0.5720000000000001,0.5867,0.5952000000000001,0.6036,0.6124,0.6182,0.623,0.626,0.6281,0.632
Europe / Denmark / Syddanmark,0.0,0.0,0.0,0.0,0.0,0.0,0.0,0.0,0.0,0.0,0.0,0.0,0.0,0.0,0.0,0.0,0.0,0.0,0.0,0.0,0.0,0.0,0.0,0.0,0.0,0.0,0.0,0.0,0.0,0.0,0.0042,0.0217,0.0273,0.0319,0.0501,0.06509999999999999,0.08109999999999999,0.109,0.1723,0.2087,0.25120000000000003,0.3118,0.3979,0.5051,0.5935,0.6876000000000001,0.7259,0.7402,0.7483,0.7539,0.7578,0.7617,0.7665000000000001,0.775,0.7834,0.8055,0.8177,0.8219,0.8234,0.8242,0.8245999999999999,0.8249
North America / USA / Georgia,0.0,0.0,0.0,0.0,0.0,0.0,0.0,0.0,0.0,0.0,0.0,0.0,0.0,0.0,0.0,0.0,0.0,0.0,0.0,0.0,0.0,0.0,0.0,0.0,0.0,0.0,0.0,0.0,0.0,0.0,0.005600000000000001,0.019799999999999998,0.05595,0.0842,0.10880000000000001,0.1313,0.19079999999999997,0.25429999999999997,0.2916,0.31079999999999997,0.3385,0.35450000000000004,0.3714,0.3804,0.3906,0.4043,0.4209333333333334,0.4407,0.4572,0.47130000000000005,0.4819,0.488,0.4934909090909091,0.49950000000000006,0.5065,0.5141,0.525,0.5309,0.5344666666666666,0.5378000000000001,0.5405,0.5427000000000001
Asia / India / Karnataka,0.0,0.0,0.0,0.0,0.0,0.0,0.0,0.0,0.0,0.0,0.0,0.0,0.0,0.0,0.0,0.0,0.0,0.0,0.0,0.0,0.0,0.0,0.0,0.0,0.0,0.0,0.0,0.0,0.0,0.0,0.0,0.0,0.0007000000000000001,0.0027,0.0054,0.0075,0.0118,0.0197,0.0291,0.030899999999999997,0.0336,0.039599999999999996,0.0526,0.067,0.08109999999999999,0.09300000000000001,0.1142,0.1454,0.17679999999999998,0.20149999999999998,0.23620000000000002,0.2657,0.3147,0.36939999999999995,0.4144,0.4532,0.49119999999999997,0.5243,0.5547,0.575,0.5881000000000001,0.5978666666666667
North America / USA / Indiana,0.0,0.0,0.0,0.0,0.0,0.0,0.0,0.0,0.0,0.0,0.0,0.0,0.0,0.0,0.0,0.0,0.0,0.0,0.0,0.0,0.0,0.0,0.0,0.0,0.0,0.0,0.0,0.0,0.0,0.0,0.0116,0.0232,0.0584,0.1035,0.1421,0.1832,0.2279,0.2773,0.3245,0.3542,0.3732,0.39640000000000003,0.43090000000000006,0.4393,0.44670000000000004,0.4561,0.4665666666666667,0.4768,0.4857,0.493,0.4987,0.5023,0.5056200000000001,0.5136,0.51875,0.5233,0.5296,0.5343,0.5388666666666666,0.5417000000000001,0.5438000000000001,0.5455
Asia / Japan / Kanagawa,0.0,0.0,0.0,0.0,0.0,0.0,0.0,0.0,0.0,0.0,0.0,0.0,0.0,0.0,0.0,0.0,0.0,0.0,0.0,0.0,0.0,0.0,0.0,0.0,0.0,0.0,0.0,0.0,0.0,0.0,0.0,0.0,0.0,0.0,0.0002,0.0017666666666666666,0.005699999999999999,0.0083,0.015600000000000001,0.03,0.0593,0.1235,0.1968,0.2647,0.339975,0.4108,0.47887500000000005,0.54295,0.6122,0.6731999999999999,0.7238,0.7547,0.7709999999999999,0.7779,0.781725,0.7882384615384616,0.7906,0.7925,0.7942,0.7959999999999999,0.79725,0.7992
North America / USA / Hawaii,0.0,0.0,0.0,0.0,0.0,0.0,0.0,0.0,0.0,0.0,0.0,0.0,0.0,0.0,0.0,0.0,0.0,0.0,0.0,0.0,0.0,0.0,0.0,0.0,0.0,0.0,0.0,0.0,0.0,0.0,0.011899999999999999,0.0286,0.0726,0.1177,0.1635,0.2095,0.284,0.3657,0.4313,0.47600000000000003,0.4911,0.5156000000000001,0.5263,0.5326,0.539,0.5466,0.5573333333333333,0.5697249999999999,0.5811999999999999,0.5901,0.5981000000000001,0.6036,0.6086,0.6235,0.6729200000000001,0.72906,0.7558,0.7628,0.7696666666666666,0.7743000000000001,0.7766,0.778
Europe / Italy / Lazio,0.0,0.0,0.0,0.0,0.0,0.0,0.0,0.0,0.0,0.0,0.0,0.0,0.0,0.0,0.0,0.0,0.0,0.0,0.0,0.0,0.0,0.0,0.0,0.0,0.0,0.0,0.0,0.0,0.0,0.0,0.0019,0.0196,0.0227,0.0281,0.0421,0.0584,0.0755,0.1052,0.1454,0.2,0.23579999999999998,0.2984,0.38530000000000003,0.488,0.5578,0.5861,0.622,0.6576000000000001,0.6839,0.701,0.7147,0.7245,0.7299,0.7343000000000001,0.7389,0.7464,0.7567,0.7704000000000001,0.7823,0.7886,0.7912,0.7925
Europe / Spain / Catalunya,0.0,0.0,0.0,0.0,0.0,0.0,0.0,0.0,0.0,0.0,0.0,0.0,0.0,0.0,0.0,0.0,0.0,0.0,0.0,0.0,0.0,0.0,0.0,0.0,0.0,0.0,0.0,0.0,0.0,0.0,0.0019,0.0168,0.0256,0.0296,0.044,0.060899999999999996,0.07239999999999999,0.1094,0.1543,0.1973,0.2741,0.3553,0.4661,0.555,0.6115999999999999,0.6727,0.7331,0.772,0.7861,0.7931,0.7985333333333333,0.8017,0.8040999999999999,0.807,0.8098000000000001,0.8146,0.8181,0.8199,0.8312,0.8433142857142857,0.8569142857142856,0.8615285714285714
North America / USA / Vermont,0.0,0.0,0.0,0.0,0.0,0.0,0.0,0.0,0.0,0.0,0.0,0.0,0.0,0.0,0.0,0.0,0.0,0.0,0.0,0.0,0.0,0.0,0.0,0.0,0.0,0.0,0.0,0.0,0.0,0.0,0.0158,0.04190000000000001,0.0721,0.1033,0.1494,0.2144,0.3109,0.3873,0.469,0.5542,0.6123,0.6498999999999999,0.6612358974358975,0.6641076923076924,0.6669794871794872,0.6742,0.6820666666666667,0.6893,0.6965,0.7053,0.7125,0.7204,0.72828,0.7518,0.771825,0.7812,0.7909999999999999,0.7961,0.7995,0.8024285714285714,0.8042363636363636,0.8065000000000001
North America / USA / Kansas,0.0,0.0,0.0,0.0,0.0,0.0,0.0,0.0,0.0,0.0,0.0,0.0,0.0,0.0,0.0,0.0,0.0,0.0,0.0,0.0,0.0,0.0,0.0,0.0,0.0,0.0,0.0,0.0,0.0,0.0,0.0078000000000000005,0.0225,0.0509,0.08839999999999999,0.1333,0.19030000000000002,0.265,0.3251,0.3642,0.384,0.3993,0.41600000000000004,0.4264,0.44880000000000003,0.4582,0.4719,0.48793333333333333,0.502,0.514,0.5236999999999999,0.5324,0.5393,0.5445599999999999,0.5586,0.5669500000000001,0.5752,0.5874,0.5938,0.5992999999999999,0.6042000000000001,0.6068,0.6087
Europe / France / Occitanie,0.0,0.0,0.0,0.0,0.0,0.0,0.0,0.0,0.0,0.0,0.0,0.0,0.0,0.0,0.0,0.0,0.0,0.0,0.0,0.0,0.0,0.0,0.0,0.0,0.0,0.0,0.0,0.0,0.0,0.0,0.0,0.0038,0.0176,0.028999999999999998,0.0365,0.0466,0.0675,0.0981,0.1335,0.1641,0.21489999999999998,0.2914,0.3764,0.4537,0.5028,0.5573,0.6154999999999999,0.6454000000000001,0.6634,0.6748000000000001,0.6827,0.6896,0.6984,0.7132999999999999,0.7298,0.7451000000000001,0.7592,0.7693000000000001,0.7765000000000001,0.7794,0.7805,0.7811
Europe / Switzerland / Geneva,0.0,0.0,0.0,0.0,0.0,0.0,0.0,0.0,0.0,0.0,0.0,0.0,0.0,0.0,0.0,0.0,0.0,0.0,0.0,0.0,0.0,0.0,0.0,0.0,0.0,0.0,0.0,0.0,0.0,0.0,0.0005,0.0055000000000000005,0.0199,0.0388,0.0541,0.0694,0.08900000000000001,0.1137,0.1508,0.2116,0.28190000000000004,0.3528,0.4288,0.48840000000000006,0.5127,0.5305,0.5461,0.5645,0.5871,0.6158,0.6371,0.6481999999999999,0.6552,0.6618,0.6674,0.6724,0.6776000000000001,0.6811,0.685,0.6866,0.6872,0.6876000000000001
Europe / Switzerland / Zurich,0.0,0.0,0.0,0.0,0.0,0.0,0.0,0.0,0.0,0.0,0.0,0.0,0.0,0.0,0.0,0.0,0.0,0.0,0.0,0.0,0.0,0.0,0.0,0.0,0.0,0.0,0.0,0.0,0.0,0.0,0.0005,0.0055000000000000005,0.0199,0.0388,0.0541,0.0694,0.08900000000000001,0.1137,0.1508,0.2116,0.28190000000000004,0.3528,0.4288,0.48840000000000006,0.5127,0.5305,0.5461,0.5645,0.5871,0.6158,0.6371,0.6481999999999999,0.6552,0.6618,0.6674,0.6724,0.6776000000000001,0.6811,0.685,0.6866,0.6872,0.6876000000000001
South America / Brazil / Rio De Janeiro,0.0,0.0,0.0,0.0,0.0,0.0,0.0,0.0,0.0,0.0,0.0,0.0,0.0,0.0,0.0,0.0,0.0,0.0,0.0,0.0,0.0,0.0,0.0,0.0,0.0,0.0,0.0,0.0,0.0,0.0,0.0,0.0001,0.0055000000000000005,0.0127,0.0194,0.0252,0.0449,0.0742,0.08960000000000001,0.10369999999999999,0.1114,0.1195,0.1427,0.17559999999999998,0.21280000000000002,0.25780000000000003,0.313,0.3761,0.43770000000000003,0.4889,0.5426,0.5847,0.621,0.6515000000000001,0.6667399999999999,0.6747,0.6943,0.705,0.7173,0.7278,0.7424,0.7524
North America / USA / New Jersey,0.0,0.0,0.0,0.0,0.0,0.0,0.0,0.0,0.0,0.0,0.0,0.0,0.0,0.0,0.0,0.0,0.0,0.0,0.0,0.0,0.0,0.0,0.0,0.0,0.0,0.0,0.0,0.0,0.0,0.0,0.0073,0.023700000000000002,0.0575,0.0989,0.1446,0.21280000000000002,0.2969,0.37,0.4416,0.48700000000000004,0.51688,0.5478999999999999,0.5636,0.5769,0.5905,0.6042000000000001,0.6203666666666667,0.6347,0.6459999999999999,0.6556000000000001,0.664,0.6709,0.67704,0.6923999999999999,0.7021999999999999,0.7112999999999999,0.7214,0.7323000000000001,0.7398333333333333,0.7445,0.7475,0.7502
North America / USA / Alaska,0.0,0.0,0.0,0.0,0.0,0.0,0.0,0.0,0.0,0.0,0.0,0.0,0.0,0.0,0.0,0.0,0.0,0.0,0.0,0.0,0.0,0.0,0.0,0.0,0.0,0.0,0.0,0.0,0.0,0.0,0.022099999999999998,0.0541,0.1125,0.1555,0.19949999999999998,0.24170000000000003,0.3206,0.36,0.3785,0.39299999999999996,0.4093,0.42560000000000003,0.44520000000000004,0.4524,0.45880000000000004,0.46619999999999995,0.4768,0.49090000000000006,0.5078,0.5165,0.5265,0.5346,0.5406,0.5540999999999999,0.5609500000000001,0.5668,0.5814,0.5979,0.6082,0.6108,0.6149,0.6179
Europe / Germany / Lower Saxony,0.0,0.0,0.0,0.0,0.0,0.0,0.0,0.0,0.0,0.0,0.0,0.0,0.0,0.0,0.0,0.0,0.0,0.0,0.0,0.0,0.0,0.0,0.0,0.0,0.0,0.0,0.0,0.0,0.0,0.0,0.0032,0.0126,0.0217,0.030699999999999998,0.0409,0.054000000000000006,0.0662,0.0802,0.1137,0.1789,0.2676,0.3586,0.4313,0.5012,0.5563,0.5971,0.6196,0.6378,0.6535,0.6642,0.6735,0.6819,0.6916,0.7028,0.7155,0.7264,0.7413,0.7515999999999999,0.7584000000000001,0.7624,0.7646,0.7662
Asia / India / Maharashtra,0.0,0.0,0.0,0.0,0.0,0.0,0.0,0.0,0.0,0.0,0.0,0.0,0.0,0.0,0.0,0.0,0.0,0.0,0.0,0.0,0.0,0.0,0.0,0.0,0.0,0.0,0.0,0.0,0.0,0.0,0.0,0.0,0.0007000000000000001,0.0027,0.0054,0.0075,0.0118,0.0197,0.0291,0.030899999999999997,0.0336,0.039599999999999996,0.0526,0.067,0.08109999999999999,0.09300000000000001,0.1142,0.1454,0.17679999999999998,0.20149999999999998,0.23620000000000002,0.2657,0.3147,0.36939999999999995,0.4144,0.4532,0.49119999999999997,0.5243,0.5547,0.575,0.5881000000000001,0.5978666666666667
North America / USA / Virginia,0.0,0.0,0.0,0.0,0.0,0.0,0.0,0.0,0.0,0.0,0.0,0.0,0.0,0.0,0.0,0.0,0.0,0.0,0.0,0.0,0.0,0.0,0.0,0.0,0.0,0.0,0.0,0.0,0.0,0.0,0.006,0.0232,0.0587,0.1012,0.1408,0.1923,0.2656,0.34159999999999996,0.4029,0.4498,0.48210000000000003,0.5122,0.5289,0.541,0.5517,0.5631,0.5778333333333333,0.5953,0.6079,0.6208,0.631,0.6401,0.6482,0.6668999999999999,0.67805,0.6849,0.7031999999999999,0.7084999999999999,0.7176,0.7215,0.7239,0.7261
North America / USA / New Mexico,0.0,0.0,0.0,0.0,0.0,0.0,0.0,0.0,0.0,0.0,0.0,0.0,0.0,0.0,0.0,0.0,0.0,0.0,0.0,0.0,0.0,0.0,0.0,0.0,0.0,0.0,0.0,0.0,0.0,0.0,0.0166,0.039599999999999996,0.0929,0.1405,0.1999,0.25980000000000003,0.3233,0.3857,0.42862,0.46660666666666667,0.5011,0.5357999999999999,0.5568,0.5668,0.5781000000000001,0.5893,0.6068333333333333,0.61702,0.61758,0.61814,0.6214,0.6286999999999999,0.6345,0.6496,0.6603000000000001,0.6673,0.6796,0.6867,0.6936666666666667,0.6984,0.7014,0.7042
Europe / Germany / Baden Wurttemberg,0.0,0.0,0.0,0.0,0.0,0.0,0.0,0.0,0.0,0.0,0.0,0.0,0.0,0.0,0.0,0.0,0.0,0.0,0.0,0.0,0.0,0.0,0.0,0.0,0.0,0.0,0.0,0.0,0.0,0.0,0.0032,0.0126,0.0217,0.030699999999999998,0.0409,0.054000000000000006,0.0662,0.0802,0.1137,0.1789,0.2676,0.3586,0.4313,0.5012,0.5563,0.5971,0.6196,0.6378,0.6535,0.6642,0.6735,0.6819,0.6916,0.7028,0.7155,0.7264,0.7413,0.7515999999999999,0.7584000000000001,0.7624,0.7646,0.7662
Europe / Switzerland / Bern,0.0,0.0,0.0,0.0,0.0,0.0,0.0,0.0,0.0,0.0,0.0,0.0,0.0,0.0,0.0,0.0,0.0,0.0,0.0,0.0,0.0,0.0,0.0,0.0,0.0,0.0,0.0,0.0,0.0,0.0,0.0005,0.0055000000000000005,0.0199,0.0388,0.0541,0.0694,0.08900000000000001,0.1137,0.1508,0.2116,0.28190000000000004,0.3528,0.4288,0.48840000000000006,0.5127,0.5305,0.5461,0.5645,0.5871,0.6158,0.6371,0.6481999999999999,0.6552,0.6618,0.6674,0.6724,0.6776000000000001,0.6811,0.685,0.6866,0.6872,0.6876000000000001
Europe / Germany / Hesse,0.0,0.0,0.0,0.0,0.0,0.0,0.0,0.0,0.0,0.0,0.0,0.0,0.0,0.0,0.0,0.0,0.0,0.0,0.0,0.0,0.0,0.0,0.0,0.0,0.0,0.0,0.0,0.0,0.0,0.0,0.0032,0.0126,0.0217,0.030699999999999998,0.0409,0.054000000000000006,0.0662,0.0802,0.1137,0.1789,0.2676,0.3586,0.4313,0.5012,0.5563,0.5971,0.6196,0.6378,0.6535,0.6642,0.6735,0.6819,0.6916,0.7028,0.7155,0.7264,0.7413,0.7515999999999999,0.7584000000000001,0.7624,0.7646,0.7662
North America / USA / Wisconsin,0.0,0.0,0.0,0.0,0.0,0.0,0.0,0.0,0.0,0.0,0.0,0.0,0.0,0.0,0.0,0.0,0.0,0.0,0.0,0.0,0.0,0.0,0.0,0.0,0.0,0.0,0.0,0.0,0.0,0.0,0.0078000000000000005,0.0263,0.0617,0.10769999999999999,0.1534,0.2097,0.2884,0.3641,0.4163,0.4449,0.46399999999999997,0.48960000000000004,0.5068,0.515,0.5221,0.5313,0.5446000000000001,0.5563,0.5669,0.5764,0.5832,0.5895,0.59436,0.6089,0.6171,0.6248,0.6325,0.6389,0.6437,0.6474,0.6495000000000001,0.6512
North America / USA / Massachusetts,0.0,0.0,0.0,0.0,0.0,0.0,0.0,0.0,0.0,0.0,0.0,0.0,0.0,0.0,0.0,0.0,0.0,0.0,0.0,0.0,0.0,0.0,0.0,0.0,0.0,0.0,0.0,0.0,0.0,0.0,0.0092,0.0245,0.0533,0.0962,0.1516,0.2115,0.2933,0.3784,0.46659999999999996,0.5338,0.5775,0.6095,0.626,0.6355,0.6439,0.6529,0.6636,0.6725,0.6808,0.6889,0.6969,0.7039,0.71058,0.7309,0.7436,0.7517,0.7601,0.7670999999999999,0.7741142857142858,0.7776000000000001,0.7802,0.7820999999999999
North America / USA / Arkansas,0.0,0.0,0.0,0.0,0.0,0.0,0.0,0.0,0.0,0.0,0.0,0.0,0.0,0.0,0.0,0.0,0.0,0.0,0.0,0.0,0.0,0.0,0.0,0.0,0.0,0.0,0.0,0.0,0.0,0.0,0.0108,0.029900000000000003,0.052199999999999996,0.0909,0.1143,0.1597,0.2158,0.2612,0.2927,0.31170000000000003,0.32409999999999994,0.33909999999999996,0.3492,0.35950000000000004,0.3759,0.39880000000000004,0.42606666666666665,0.446,0.45890000000000003,0.46840000000000004,0.4804,0.48729999999999996,0.4925,0.5036999999999999,0.510225,0.5167,0.5239,0.5291,0.5336,0.5356000000000001,0.5386,0.54
North America / USA / Maryland,0.0,0.0,0.0,0.0,0.0,0.0,0.0,0.0,0.0,0.0,0.0,0.0,0.0,0.0,0.0,0.0,0.0,0.0,0.0,0.0,0.0,0.0,0.0,0.0,0.0,0.0,0.0,0.0,0.0,0.0,0.0062,0.0242,0.056600000000000004,0.09970000000000001,0.1392,0.1962,0.2778,0.3492,0.42310000000000003,0.47740000000000005,0.5161,0.5563,0.5718,0.5838,0.5946,0.6061,0.6200666666666667,0.6328,0.6437999999999999,0.6531999999999999,0.6598142857142857,0.6668000000000001,0.6741199999999999,0.6920999999999999,0.701675,0.7093,0.7218000000000001,0.73,0.7376,0.7425,0.7451000000000001,0.7504000000000001
Asia / Japan / Saitama,0.0,0.0,0.0,0.0,0.0,0.0,0.0,0.0,0.0,0.0,0.0,0.0,0.0,0.0,0.0,0.0,0.0,0.0,0.0,0.0,0.0,0.0,0.0,0.0,0.0,0.0,0.0,0.0,0.0,0.0,0.0,0.0,0.0,0.0,0.0002,0.0017666666666666666,0.005699999999999999,0.0083,0.015600000000000001,0.03,0.0593,0.1235,0.1968,0.2647,0.339975,0.4108,0.47887500000000005,0.54295,0.6122,0.6731999999999999,0.7238,0.7547,0.7709999999999999,0.7779,0.781725,0.7882384615384616,0.7906,0.7925,0.7942,0.7959999999999999,0.79725,0.7992
North America / USA / Colorado,0.0,0.0,0.0,0.0,0.0,0.0,0.0,0.0,0.0,0.0,0.0,0.0,0.0,0.0,0.0,0.0,0.0,0.0,0.0,0.0,0.0,0.0,0.0,0.0,0.0,0.0,0.0,0.0,0.0,0.0,0.0134,0.034300000000000004,0.06570000000000001,0.0986,0.1505,0.1925,0.25739999999999996,0.3356,0.4114,0.4523,0.4824,0.5144,0.5293,0.5401,0.5498,0.5611999999999999,0.5739666666666667,0.5857,0.5969,0.6067,0.6164000000000001,0.6239,0.6311399999999999,0.6495000000000001,0.6595,0.6674,0.6789000000000001,0.6847,0.6903666666666666,0.6934999999999999,0.6959000000000001,0.6979000000000001
North America / Canada / Saskatchewan,0.0,0.0,0.0,0.0,0.0,0.0,0.0,0.0,0.0,0.0,0.0,0.0,0.0,0.0,0.0,0.0,0.0,0.0,0.0,0.0,0.0,0.0,0.0,0.0,0.0,0.0,0.0,0.0,0.0,0.0001,0.0015,0.004699999999999999,0.011200000000000002,0.0152,0.017,0.0192,0.0246,0.0305,0.0382,0.0545,0.12279999999999999,0.2647,0.4314,0.5505,0.6161,0.6537000000000001,0.6773,0.6942,0.713,0.7284,0.7429000000000001,0.7533,0.7615000000000001,0.767,0.7714,0.7757,0.7835,0.7972,0.8083,0.8134999999999999,0.8167,0.8195
North America / USA / Idaho,0.0,0.0,0.0,0.0,0.0,0.0,0.0,0.0,0.0,0.0,0.0,0.0,0.0,0.0,0.0,0.0,0.0,0.0,0.0,0.0,0.0,0.0,0.0,0.0,0.0,0.0,0.0,0.0,0.0,0.0,0.0079,0.0192,0.0516,0.0933,0.1371,0.1802,0.23190000000000002,0.2786,0.30870000000000003,0.3274,0.33990000000000004,0.35810000000000003,0.3664,0.3716,0.3774,0.38520000000000004,0.3959,0.4078,0.4188,0.42869999999999997,0.43920000000000003,0.4461,0.4517,0.4576,0.4614,0.4648,0.4765,0.5245000000000001,0.5290333333333334,0.5325,0.5347,0.5367000000000001
North America / USA / Oregon,0.0,0.0,0.0,0.0,0.0,0.0,0.0,0.0,0.0,0.0,0.0,0.0,0.0,0.0,0.0,0.0,0.0,0.0,0.0,0.0,0.0,0.0,0.0,0.0,0.0,0.0,0.0,0.0,0.0,0.0,0.0096,0.031,0.063,0.09970000000000001,0.1373,0.1856,0.2498,0.316,0.3896,0.4508,0.4924,0.5252,0.5466,0.5566,0.5644,0.5736,0.5854333333333334,0.5987,0.6107,0.6212,0.6288,0.6346,0.63944,0.6537000000000001,0.663525,0.6686,0.6758,0.6809999999999999,0.6850333333333333,0.6883,0.6904,0.6920999999999999
North America / USA / Michigan,0.0,0.0,0.0,0.0,0.0,0.0,0.0,0.0,0.0,0.0,0.0,0.0,0.0,0.0,0.0,0.0,0.0,0.0,0.0,0.0,0.0,0.0,0.0,0.0,0.0,0.0,0.0,0.0,0.0,0.0,0.0111,0.0313,0.06480000000000001,0.09820000000000001,0.1366,0.19079999999999997,0.26,0.3298,0.38630000000000003,0.42090000000000005,0.44409999999999994,0.4657,0.47859999999999997,0.4861,0.49229999999999996,0.4996,0.5082,0.5172,0.5231375,0.5296,0.5354,0.5407,0.5445,0.5578,0.565725,0.5728,0.5793,0.5848,0.59,0.5941,0.5963,0.598
North America / USA / Connecticut,0.0,0.0,0.0,0.0,0.0,0.0,0.0,0.0,0.0,0.0,0.0,0.0,0.0,0.0,0.0,0.0,0.0,0.0,0.0,0.0,0.0,0.0,0.0,0.0,0.0,0.0,0.0,0.0,0.0,0.0,0.011399999999999999,0.0346,0.076,0.09140000000000001,0.1653,0.2291,0.3164,0.3998,0.4824,0.5337,0.5688,0.6003000000000001,0.6171,0.6286999999999999,0.6386,0.6513,0.6650666666666667,0.6774,0.6898000000000001,0.6992,0.7068000000000001,0.7138,0.71862,0.7347,0.7443,0.7534000000000001,0.7623000000000001,0.7695000000000001,0.7757000000000001,0.7796,0.7822,0.7848
North America / USA / Washington,0.0,0.0,0.0,0.0,0.0,0.0,0.0,0.0,0.0,0.0,0.0,0.0,0.0,0.0,0.0,0.0,0.0,0.0,0.0,0.0,0.0,0.0,0.0,0.0,0.0,0.0,0.0,0.0,0.0,0.0,0.009000000000000001,0.0241,0.054000000000000006,0.1002,0.1436,0.2009,0.2692,0.3328,0.4007,0.4637,0.5031,0.5397,0.5595,0.5719,0.5825,0.5937,0.5971562499999999,0.6006124999999999,0.6101,0.6248,0.6347999999999999,0.6420999999999999,0.64858,0.6654000000000001,0.676775,0.6834,0.6959000000000001,0.7025,0.7117333333333333,0.7159,0.7187,0.721
Europe / Italy / Campania,0.0,0.0,0.0,0.0,0.0,0.0,0.0,0.0,0.0,0.0,0.0,0.0,0.0,0.0,0.0,0.0,0.0,0.0,0.0,0.0,0.0,0.0,0.0,0.0,0.0,0.0,0.0,0.0,0.0,0.0,0.0019,0.0196,0.0227,0.0281,0.0421,0.0584,0.0755,0.1052,0.1454,0.2,0.23579999999999998,0.2984,0.38530000000000003,0.488,0.5578,0.5861,0.622,0.6576000000000001,0.6839,0.701,0.7147,0.7245,0.7299,0.7343000000000001,0.7389,0.7464,0.7567,0.7704000000000001,0.7823,0.7886,0.7912,0.7925
North America / Canada / British Columbia,0.0,0.0,0.0,0.0,0.0,0.0,0.0,0.0,0.0,0.0,0.0,0.0,0.0,0.0,0.0,0.0,0.0,0.0,0.0,0.0,0.0,0.0,0.0,0.0,0.0,0.0,0.0,0.0,0.0,0.0001,0.0015,0.004699999999999999,0.011200000000000002,0.0152,0.017,0.0192,0.0246,0.0305,0.0382,0.0545,0.12279999999999999,0.2647,0.4314,0.5505,0.6161,0.6537000000000001,0.6773,0.6942,0.713,0.7284,0.7429000000000001,0.7533,0.7615000000000001,0.767,0.7714,0.7757,0.7835,0.7972,0.8083,0.8134999999999999,0.8167,0.8195
Europe / Norway / Oslo,0.0,0.0,0.0,0.0,0.0,0.0,0.0,0.0,0.0,0.0,0.0,0.0,0.0,0.0,0.0,0.0,0.0,0.0,0.0,0.0,0.0,0.0,0.0,0.0,0.0,0.0,0.0,0.0,0.0,0.0,0.0004,0.009000000000000001,0.0195,0.0407,0.0508,0.0553,0.0584,0.07150000000000001,0.1116,0.1898,0.2525,0.2863,0.2955,0.3218,0.36219999999999997,0.4743,0.6065999999999999,0.6537000000000001,0.6734,0.6812,0.6873999999999999,0.6931,0.7017,0.7112999999999999,0.7175,0.722,0.7282,0.7329000000000001,0.7352,0.7361,0.7367,0.7372
Europe / Spain / Madrid,0.0,0.0,0.0,0.0,0.0,0.0,0.0,0.0,0.0,0.0,0.0,0.0,0.0,0.0,0.0,0.0,0.0,0.0,0.0,0.0,0.0,0.0,0.0,0.0,0.0,0.0,0.0,0.0,0.0,0.0,0.0019,0.0168,0.0256,0.0296,0.044,0.060899999999999996,0.07239999999999999,0.1094,0.1543,0.1973,0.2741,0.3553,0.4661,0.555,0.6115999999999999,0.6727,0.7331,0.772,0.7861,0.7931,0.7985333333333333,0.8017,0.8040999999999999,0.807,0.8098000000000001,0.8146,0.8181,0.8199,0.8312,0.8433142857142857,0.8569142857142856,0.8615285714285714
Europe / France / Provence Alpes Cote D Azur,0.0,0.0,0.0,0.0,0.0,0.0,0.0,0.0,0.0,0.0,0.0,0.0,0.0,0.0,0.0,0.0,0.0,0.0,0.0,0.0,0.0,0.0,0.0,0.0,0.0,0.0,0.0,0.0,0.0,0.0,0.0,0.0038,0.0176,0.028999999999999998,0.0365,0.0466,0.0675,0.0981,0.1335,0.1641,0.21489999999999998,0.2914,0.3764,0.4537,0.5028,0.5573,0.6154999999999999,0.6454000000000001,0.6634,0.6748000000000001,0.6827,0.6896,0.6984,0.7132999999999999,0.7298,0.7451000000000001,0.7592,0.7693000000000001,0.7765000000000001,0.7794,0.7805,0.7811
Europe / Germany / Berlin,0.0,0.0,0.0,0.0,0.0,0.0,0.0,0.0,0.0,0.0,0.0,0.0,0.0,0.0,0.0,0.0,0.0,0.0,0.0,0.0,0.0,0.0,0.0,0.0,0.0,0.0,0.0,0.0,0.0,0.0,0.0032,0.0126,0.0217,0.030699999999999998,0.0409,0.054000000000000006,0.0662,0.0802,0.1137,0.1789,0.2676,0.3586,0.4313,0.5012,0.5563,0.5971,0.6196,0.6378,0.6535,0.6642,0.6735,0.6819,0.6916,0.7028,0.7155,0.7264,0.7413,0.7515999999999999,0.7584000000000001,0.7624,0.7646,0.7662
Asia / Japan / Tokyo,0.0,0.0,0.0,0.0,0.0,0.0,0.0,0.0,0.0,0.0,0.0,0.0,0.0,0.0,0.0,0.0,0.0,0.0,0.0,0.0,0.0,0.0,0.0,0.0,0.0,0.0,0.0,0.0,0.0,0.0,0.0,0.0,0.0,0.0,0.0002,0.0017666666666666666,0.005699999999999999,0.0083,0.015600000000000001,0.03,0.0593,0.1235,0.1968,0.2647,0.339975,0.4108,0.47887500000000005,0.54295,0.6122,0.6731999999999999,0.7238,0.7547,0.7709999999999999,0.7779,0.781725,0.7882384615384616,0.7906,0.7925,0.7942,0.7959999999999999,0.79725,0.7992
North America / USA / Arizona,0.0,0.0,0.0,0.0,0.0,0.0,0.0,0.0,0.0,0.0,0.0,0.0,0.0,0.0,0.0,0.0,0.0,0.0,0.0,0.0,0.0,0.0,0.0,0.0,0.0,0.0,0.0,0.0,0.0,0.0,0.008,0.0208,0.051,0.09820000000000001,0.1414,0.1877,0.2446,0.29719999999999996,0.33520000000000005,0.3594,0.3784,0.3983,0.4401,0.44920000000000004,0.4578,0.4703,0.4910333333333334,0.5029,0.5133,0.5227,0.5312,0.5392,0.54598,0.5589,0.5680000000000001,0.5759000000000001,0.5847,0.5919,0.5982333333333333,0.603,0.606,0.6099
North America / USA / Maine,0.0,0.0,0.0,0.0,0.0,0.0,0.0,0.0,0.0,0.0,0.0,0.0,0.0,0.0,0.0,0.0,0.0,0.0,0.0,0.0,0.0,0.0,0.0,0.0,0.0,0.0,0.0,0.0,0.0,0.0,0.014199999999999999,0.0331,0.056600000000000004,0.10060000000000001,0.1528,0.22920000000000001,0.3226,0.4017,0.4867,0.5442,0.5804,0.6067,0.6241,0.6317,0.6422,0.6507,0.6620333333333334,0.6748000000000001,0.6869,0.696,0.7056,0.7145,0.72122,0.7413,0.75535,0.7637,0.7724,0.777,0.7821,0.7845,0.7862571428571429,0.7885
North America / USA / Delaware,0.0,0.0,0.0,0.0,0.0,0.0,0.0,0.0,0.0,0.0,0.0,0.0,0.0,0.0,0.0,0.0,0.0,0.0,0.0,0.0,0.0,0.0,0.0,0.0,0.0,0.0,0.0,0.0,0.0,0.0,0.0118,0.024900000000000002,0.0468,0.10060000000000001,0.135,0.1808,0.2561,0.33909999999999996,0.39189999999999997,0.43200000000000005,0.4598,0.49229999999999996,0.5114,0.5231,0.5329,0.5432,0.5580999999999999,0.5679,0.579,0.5901,0.5972999999999999,0.6052000000000001,0.60946,0.628,0.6393500000000001,0.6468,0.6581999999999999,0.6656,0.6731666666666667,0.6776000000000001,0.6812,0.6836
North America / USA / Tennessee,0.0,0.0,0.0,0.0,0.0,0.0,0.0,0.0,0.0,0.0,0.0,0.0,0.0,0.0,0.0,0.0,0.0,0.0,0.0,0.0,0.0,0.0,0.0,0.0,0.0,0.0,0.0,0.0,0.0,0.0,0.0141,0.0358,0.05134999999999999,0.0827,0.11019999999999999,0.15439999999999998,0.2043,0.2527,0.2975,0.3172,0.33020000000000005,0.3507,0.3801,0.38799999999999996,0.39590000000000003,0.4079,0.4238,0.4411,0.4559,0.46799999999999997,0.47659999999999997,0.48840000000000006,0.49470000000000003,0.5031,0.511575,0.517,0.5246999999999999,0.5292,0.5342,0.537,0.5389,0.5406
North America / USA / Pennsylvania,0.0,0.0,0.0,0.0,0.0,0.0,0.0,0.0,0.0,0.0,0.0,0.0,0.0,0.0,0.0,0.0,0.0,0.0,0.0,0.0,0.0,0.0,0.0,0.0,0.0,0.0,0.0,0.0,0.0,0.0,0.0103,0.025099999999999997,0.049400000000000006,0.0812,0.1249,0.1859,0.2614,0.3301,0.3907,0.4354,0.4672,0.4928,0.5067,0.5184000000000001,0.5306000000000001,0.5427000000000001,0.5566,0.5690999999999999,0.581,0.5948,0.6039690909090909,0.6119109090909091,0.6198527272727273,0.6277945454545455,0.635475,0.6446999999999999,0.6537999999999999,0.6613,0.6669666666666667,0.6715000000000001,0.674,0.6762999999999999
North America / USA / South Carolina,0.0,0.0,0.0,0.0,0.0,0.0,0.0,0.0,0.0,0.0,0.0,0.0,0.0,0.0,0.0,0.0,0.0,0.0,0.0,0.0,0.0,0.0,0.0,0.0,0.0,0.0,0.0,0.0,0.0,0.0,0.0085,0.022000000000000002,0.0495,0.09480000000000001,0.1249,0.165,0.2314,0.2813,0.3164,0.3369,0.3583,0.382,0.3947,0.4029,0.4114,0.4229,0.44043333333333334,0.4595,0.47600000000000003,0.4903,0.5001,0.5073,0.51322,0.5231,0.529725,0.5352,0.5464,0.5517,0.5559666666666667,0.5608,0.5643,0.5655
North America / USA / Missouri,0.0,0.0,0.0,0.0,0.0,0.0,0.0,0.0,0.0,0.0,0.0,0.0,0.0,0.0,0.0,0.0,0.0,0.0,0.0,0.0,0.0,0.0,0.0,0.0,0.0,0.0,0.0,0.0,0.0,0.0,0.011899999999999999,0.023,0.05176666666666667,0.0857,0.1201,0.1724,0.2311,0.2821,0.32299999999999995,0.34340000000000004,0.35979999999999995,0.38689999999999997,0.39740000000000003,0.4082,0.42100000000000004,0.44,0.45703333333333335,0.47,0.4818,0.4907,0.4982,0.5043,0.5083000000000001,0.5212,0.5287000000000001,0.5329999999999999,0.541,0.5453,0.5494333333333333,0.5522,0.5546,0.5559000000000001
South America / Brazil / Sao Paulo,0.0,0.0,0.0,0.0,0.0,0.0,0.0,0.0,0.0,0.0,0.0,0.0,0.0,0.0,0.0,0.0,0.0,0.0,0.0,0.0,0.0,0.0,0.0,0.0,0.0,0.0,0.0,0.0,0.0,0.0,0.0,0.0001,0.0055000000000000005,0.0127,0.0194,0.0252,0.0449,0.0742,0.08960000000000001,0.10369999999999999,0.1114,0.1195,0.1427,0.17559999999999998,0.21280000000000002,0.25780000000000003,0.313,0.3761,0.43770000000000003,0.4889,0.5426,0.5847,0.621,0.6515000000000001,0.6667399999999999,0.6747,0.6943,0.705,0.7173,0.7278,0.7424,0.7524
North America / USA / Nevada,0.0,0.0,0.0,0.0,0.0,0.0,0.0,0.0,0.0,0.0,0.0,0.0,0.0,0.0,0.0,0.0,0.0,0.0,0.0,0.0,0.0,0.0,0.0,0.0,0.0,0.0,0.0,0.0,0.0,0.0,0.0072,0.0203,0.0537,0.0917,0.1333,0.17809999999999998,0.23989999999999997,0.28859999999999997,0.33799999999999997,0.3678,0.38909999999999995,0.41479999999999995,0.4289,0.439,0.45130000000000003,0.46649999999999997,0.48413333333333336,0.4982,0.5097999999999999,0.5199,0.5297999999999999,0.5377000000000001,0.54392,0.5548,0.562275,0.57,0.581,0.588,0.5948333333333333,0.5985,0.601,0.603
North America / USA / Iowa,0.0,0.0,0.0,0.0,0.0,0.0,0.0,0.0,0.0,0.0,0.0,0.0,0.0,0.0,0.0,0.0,0.0,0.0,0.0,0.0,0.0,0.0,0.0,0.0,0.0,0.0,0.0,0.0,0.0,0.0,0.0098,0.0277,0.046799999999999994,0.087,0.1595,0.2133,0.2837,0.3515,0.406,0.4374,0.457,0.4767,0.48719999999999997,0.4932,0.5001,0.509,0.5210333333333333,0.5318,0.5411,0.5483,0.5555,0.5611999999999999,0.5650799999999999,0.5789,0.5867,0.5937,0.6008,0.6054999999999999,0.6095999999999999,0.6122,0.6141,0.6158
North America / USA / Illinois,0.0,0.0,0.0,0.0,0.0,0.0,0.0,0.0,0.0,0.0,0.0,0.0,0.0,0.0,0.0,0.0,0.0,0.0,0.0,0.0,0.0,0.0,0.0,0.0,0.0,0.0,0.0,0.0,0.0,0.0,0.010700000000000001,0.022799999999999997,0.044199999999999996,0.0875,0.13949999999999999,0.1816,0.25120000000000003,0.3127,0.3651,0.3996,0.4224,0.4548,0.47130000000000005,0.4814,0.49119999999999997,0.5035000000000001,0.5221138461538462,0.542876923076923,0.56364,0.5844030769230769,0.6042000000000001,0.6076076923076923,0.61485,0.6317,0.6393714285714286,0.6479,0.6568999999999999,0.6641142857142857,0.6713666666666666,0.6764285714285714,0.6798000000000001,0.6822
Asia / Japan / Hyogo,0.0,0.0,0.0,0.0,0.0,0.0,0.0,0.0,0.0,0.0,0.0,0.0,0.0,0.0,0.0,0.0,0.0,0.0,0.0,0.0,0.0,0.0,0.0,0.0,0.0,0.0,0.0,0.0,0.0,0.0,0.0,0.0,0.0,0.0,0.0002,0.0017666666666666666,0.005699999999999999,0.0083,0.015600000000000001,0.03,0.0593,0.1235,0.1968,0.2647,0.339975,0.4108,0.47887500000000005,0.54295,0.6122,0.6731999999999999,0.7238,0.7547,0.7709999999999999,0.7779,0.781725,0.7882384615384616,0.7906,0.7925,0.7942,0.7959999999999999,0.79725,0.7992
Oceania / Australia / New South Wales,0.0,0.0,0.0,0.0,0.0,0.0,0.0,0.0,0.0,0.0,0.0,0.0,0.0,0.0,0.0,0.0,0.0,0.0,0.0,0.0,0.0,0.0,0.0,0.0,0.0,0.0,0.0,0.0,0.0,0.0,0.0,0.0,0.0,0.0,0.0008,0.0032,0.0072,0.0101,0.0129,0.0194,0.0336,0.057300000000000004,0.0902,0.1303,0.1804,0.242,0.3073,0.3762,0.45630000000000004,0.5569,0.6409999999999999,0.693,0.7253000000000001,0.7473000000000001,0.7639,0.7719,0.7798,0.7867000000000001,0.792,0.7959,0.8125,0.8256
Europe / Germany / Schleswig Holstein,0.0,0.0,0.0,0.0,0.0,0.0,0.0,0.0,0.0,0.0,0.0,0.0,0.0,0.0,0.0,0.0,0.0,0.0,0.0,0.0,0.0,0.0,0.0,0.0,0.0,0.0,0.0,0.0,0.0,0.0,0.0032,0.0126,0.0217,0.030699999999999998,0.0409,0.054000000000000006,0.0662,0.0802,0.1137,0.1789,0.2676,0.3586,0.4313,0.5012,0.5563,0.5971,0.6196,0.6378,0.6535,0.6642,0.6735,0.6819,0.6916,0.7028,0.7155,0.7264,0.7413,0.7515999999999999,0.7584000000000001,0.7624,0.7646,0.7662
Europe / Sweden / Stockholm,0.0,0.0,0.0,0.0,0.0,0.0,0.0,0.0,0.0,0.0,0.0,0.0,0.0,0.0,0.0,0.0,0.0,0.0,0.0,0.0,0.0,0.0,0.0,0.0,0.0,0.0,0.0,0.0,0.0,0.0,0.0009,0.008,0.0226,0.031400000000000004,0.04019999999999999,0.053399999999999996,0.0689,0.0753,0.1011,0.1497,0.22640000000000002,0.3069,0.3594,0.3953,0.45,0.524,0.5915,0.6303,0.654,0.6674,0.6769,0.6853,0.6993,0.7132999999999999,0.7221,0.7265,0.7361,0.7408,0.7445999999999999,0.7468,0.7482,0.7490000000000001
North America / USA / Texas,0.0,0.0,0.0,0.0,0.0,0.0,0.0,0.0,0.0,0.0,0.0,0.0,0.0,0.0,0.0,0.0,0.0,0.0,0.0,0.0,0.0,0.0,0.0,0.0,0.0,0.0,0.0,0.0,0.0,0.0,0.0089,0.0269,0.0483,0.08109999999999999,0.1084,0.1574,0.2227,0.2772,0.3234,0.3543,0.3795,0.4077,0.4218,0.4337,0.44520000000000004,0.46130000000000004,0.4817,0.5019,0.5144,0.5246,0.5339,0.5405,0.54606,0.5581,0.56745,0.5747,0.5842,0.5916,0.5978,0.6022,0.6057,0.6087
Europe / Sweden / Vastra Gotaland,0.0,0.0,0.0,0.0,0.0,0.0,0.0,0.0,0.0,0.0,0.0,0.0,0.0,0.0,0.0,0.0,0.0,0.0,0.0,0.0,0.0,0.0,0.0,0.0,0.0,0.0,0.0,0.0,0.0,0.0,0.0009,0.008,0.0226,0.031400000000000004,0.04019999999999999,0.053399999999999996,0.0689,0.0753,0.1011,0.1497,0.22640000000000002,0.3069,0.3594,0.3953,0.45,0.524,0.5915,0.6303,0.654,0.6674,0.6769,0.6853,0.6993,0.7132999999999999,0.7221,0.7265,0.7361,0.7408,0.7445999999999999,0.7468,0.7482,0.7490000000000001
Europe / Netherlands / Zuid Holland,0.0,0.0,0.0,0.0,0.0,0.0,0.0,0.0,0.0,0.0,0.0,0.0,0.0,0.0,0.0,0.0,0.0,0.0,0.0,0.0,0.0,0.0,0.0,0.0,0.0,0.0,0.0,0.0,0.0,0.0,0.0,0.0021,0.010542857142857142,0.021828571428571426,0.03441428571428571,0.046771428571428575,0.05965714285714286,0.07635714285714286,0.11698571428571429,0.18615714285714283,0.2697428571428572,0.3503142857142857,0.4190857142857143,0.5076142857142857,0.5893285714285714,0.6370285714285714,0.6574142857142857,0.6674000000000001,0.6763428571428571,0.6835428571428572,0.6898,0.6953999999999999,0.7016857142857144,0.7081714285714286,0.7122,0.7149714285714286,0.7170142857142857,0.7184857142857143,0.7193285714285714,0.7197142857142858,0.7202428571428572,0.7217428571428571
Europe / Ireland / Dublin,0.0,0.0,0.0,0.0,0.0,0.0,0.0,0.0,0.0,0.0,0.0,0.0,0.0,0.0,0.0,0.0,0.0,0.0,0.0,0.0,0.0,0.0,0.0,0.0,0.0,0.0,0.0,0.0,0.0,0.0,0.0008,0.0191,0.028900000000000002,0.032400000000000005,0.0391,0.0588,0.0767,0.0971,0.1313,0.1881,0.24539999999999998,0.3546,0.4658,0.5433,0.6032,0.6631999999999999,0.7029000000000001,0.7351000000000001,0.7502,0.7567,0.76095,0.7641,0.7689,0.7726000000000001,0.7755,0.778,0.7802,0.79,0.7974,0.8014,0.804,0.8059000000000001
Europe / Germany / Bavaria,0.0,0.0,0.0,0.0,0.0,0.0,0.0,0.0,0.0,0.0,0.0,0.0,0.0,0.0,0.0,0.0,0.0,0.0,0.0,0.0,0.0,0.0,0.0,0.0,0.0,0.0,0.0,0.0,0.0,0.0,0.0032,0.0126,0.0217,0.030699999999999998,0.0409,0.054000000000000006,0.0662,0.0802,0.1137,0.1789,0.2676,0.3586,0.4313,0.5012,0.5563,0.5971,0.6196,0.6378,0.6535,0.6642,0.6735,0.6819,0.6916,0.7028,0.7155,0.7264,0.7413,0.7515999999999999,0.7584000000000001,0.7624,0.7646,0.7662
Europe / Germany / North Rhine Westphalia,0.0,0.0,0.0,0.0,0.0,0.0,0.0,0.0,0.0,0.0,0.0,0.0,0.0,0.0,0.0,0.0,0.0,0.0,0.0,0.0,0.0,0.0,0.0,0.0,0.0,0.0,0.0,0.0,0.0,0.0,0.0032,0.0126,0.0217,0.030699999999999998,0.0409,0.054000000000000006,0.0662,0.0802,0.1137,0.1789,0.2676,0.3586,0.4313,0.5012,0.5563,0.5971,0.6196,0.6378,0.6535,0.6642,0.6735,0.6819,0.6916,0.7028,0.7155,0.7264,0.7413,0.7515999999999999,0.7584000000000001,0.7624,0.7646,0.7662
Europe / Netherlands / Limburg,0.0,0.0,0.0,0.0,0.0,0.0,0.0,0.0,0.0,0.0,0.0,0.0,0.0,0.0,0.0,0.0,0.0,0.0,0.0,0.0,0.0,0.0,0.0,0.0,0.0,0.0,0.0,0.0,0.0,0.0,0.0,0.0021,0.010542857142857142,0.021828571428571426,0.03441428571428571,0.046771428571428575,0.05965714285714286,0.07635714285714286,0.11698571428571429,0.18615714285714283,0.2697428571428572,0.3503142857142857,0.4190857142857143,0.5076142857142857,0.5893285714285714,0.6370285714285714,0.6574142857142857,0.6674000000000001,0.6763428571428571,0.6835428571428572,0.6898,0.6953999999999999,0.7016857142857144,0.7081714285714286,0.7122,0.7149714285714286,0.7170142857142857,0.7184857142857143,0.7193285714285714,0.7197142857142858,0.7202428571428572,0.7217428571428571
Europe / Netherlands / Noord Brabant,0.0,0.0,0.0,0.0,0.0,0.0,0.0,0.0,0.0,0.0,0.0,0.0,0.0,0.0,0.0,0.0,0.0,0.0,0.0,0.0,0.0,0.0,0.0,0.0,0.0,0.0,0.0,0.0,0.0,0.0,0.0,0.0021,0.010542857142857142,0.021828571428571426,0.03441428571428571,0.046771428571428575,0.05965714285714286,0.07635714285714286,0.11698571428571429,0.18615714285714283,0.2697428571428572,0.3503142857142857,0.4190857142857143,0.5076142857142857,0.5893285714285714,0.6370285714285714,0.6574142857142857,0.6674000000000001,0.6763428571428571,0.6835428571428572,0.6898,0.6953999999999999,0.7016857142857144,0.7081714285714286,0.7122,0.7149714285714286,0.7170142857142857,0.7184857142857143,0.7193285714285714,0.7197142857142858,0.7202428571428572,0.7217428571428571
North America / Canada / Quebec,0.0,0.0,0.0,0.0,0.0,0.0,0.0,0.0,0.0,0.0,0.0,0.0,0.0,0.0,0.0,0.0,0.0,0.0,0.0,0.0,0.0,0.0,0.0,0.0,0.0,0.0,0.0,0.0,0.0,0.0001,0.0015,0.004699999999999999,0.011200000000000002,0.0152,0.017,0.0192,0.0246,0.0305,0.0382,0.0545,0.12279999999999999,0.2647,0.4314,0.5505,0.6161,0.6537000000000001,0.6773,0.6942,0.713,0.7284,0.7429000000000001,0.7533,0.7615000000000001,0.767,0.7714,0.7757,0.7835,0.7972,0.8083,0.8134999999999999,0.8167,0.8195
Europe / Finland / Uusimaa,0.0,0.0,0.0,0.0,0.0,0.0,0.0,0.0,0.0,0.0,0.0,0.0,0.0,0.0,0.0,0.0,0.0,0.0,0.0,0.0,0.0,0.0,0.0,0.0,0.0,0.0,0.0,0.0,0.0,0.0,0.0009,0.0096,0.0138,0.0159,0.0163,0.0167,0.0235,0.0321,0.0521,0.0892,0.13369999999999999,0.17809999999999998,0.2466,0.3172,0.3908,0.467,0.5371,0.5912,0.6355,0.6716,0.7005,0.7173,0.727,0.7363,0.736754054054054,0.7372081081081081,0.74076,0.75315,0.7601,0.7635,0.7743,0.7771
Europe / Netherlands / Noord Holland,0.0,0.0,0.0,0.0,0.0,0.0,0.0,0.0,0.0,0.0,0.0,0.0,0.0,0.0,0.0,0.0,0.0,0.0,0.0,0.0,0.0,0.0,0.0,0.0,0.0,0.0,0.0,0.0,0.0,0.0,0.0,0.0021,0.010542857142857142,0.021828571428571426,0.03441428571428571,0.046771428571428575,0.05965714285714286,0.07635714285714286,0.11698571428571429,0.18615714285714283,0.2697428571428572,0.3503142857142857,0.4190857142857143,0.5076142857142857,0.5893285714285714,0.6370285714285714,0.6574142857142857,0.6674000000000001,0.6763428571428571,0.6835428571428572,0.6898,0.6953999999999999,0.7016857142857144,0.7081714285714286,0.7122,0.7149714285714286,0.7170142857142857,0.7184857142857143,0.7193285714285714,0.7197142857142858,0.7202428571428572,0.7217428571428571
Europe / Netherlands / Gelderland,0.0,0.0,0.0,0.0,0.0,0.0,0.0,0.0,0.0,0.0,0.0,0.0,0.0,0.0,0.0,0.0,0.0,0.0,0.0,0.0,0.0,0.0,0.0,0.0,0.0,0.0,0.0,0.0,0.0,0.0,0.0,0.0021,0.010542857142857142,0.021828571428571426,0.03441428571428571,0.046771428571428575,0.05965714285714286,0.07635714285714286,0.11698571428571429,0.18615714285714283,0.2697428571428572,0.3503142857142857,0.4190857142857143,0.5076142857142857,0.5893285714285714,0.6370285714285714,0.6574142857142857,0.6674000000000001,0.6763428571428571,0.6835428571428572,0.6898,0.6953999999999999,0.7016857142857144,0.7081714285714286,0.7122,0.7149714285714286,0.7170142857142857,0.7184857142857143,0.7193285714285714,0.7197142857142858,0.7202428571428572,0.7217428571428571
Europe / Netherlands / Utrecht,0.0,0.0,0.0,0.0,0.0,0.0,0.0,0.0,0.0,0.0,0.0,0.0,0.0,0.0,0.0,0.0,0.0,0.0,0.0,0.0,0.0,0.0,0.0,0.0,0.0,0.0,0.0,0.0,0.0,0.0,0.0,0.0021,0.010542857142857142,0.021828571428571426,0.03441428571428571,0.046771428571428575,0.05965714285714286,0.07635714285714286,0.11698571428571429,0.18615714285714283,0.2697428571428572,0.3503142857142857,0.4190857142857143,0.5076142857142857,0.5893285714285714,0.6370285714285714,0.6574142857142857,0.6674000000000001,0.6763428571428571,0.6835428571428572,0.6898,0.6953999999999999,0.7016857142857144,0.7081714285714286,0.7122,0.7149714285714286,0.7170142857142857,0.7184857142857143,0.7193285714285714,0.7197142857142858,0.7202428571428572,0.7217428571428571
North America / USA / Minnesota,0.0,0.0,0.0,0.0,0.0,0.0,0.0,0.0,0.0,0.0,0.0,0.0,0.0,0.0,0.0,0.0,0.0,0.0,0.0,0.0,0.0,0.0,0.0,0.0,0.0,0.0,0.0,0.0,0.0,0.0,0.012,0.0279,0.0611,0.1001,0.152,0.21280000000000002,0.28809999999999997,0.3549,0.41600000000000004,0.4603,0.4857,0.5103,0.527,0.5347999999999999,0.5424,0.5515,0.5641,0.5752,0.5837,0.5915,0.599,0.6185,0.6224999999999999,0.6424,0.6516,0.6601,0.6678000000000001,0.6731999999999999,0.6792,0.684,0.6859999999999999,0.6879000000000001
Europe / Denmark / Hovedstaden,0.0,0.0,0.0,0.0,0.0,0.0,0.0,0.0,0.0,0.0,0.0,0.0,0.0,0.0,0.0,0.0,0.0,0.0,0.0,0.0,0.0,0.0,0.0,0.0,0.0,0.0,0.0,0.0,0.0,0.0,0.0042,0.0217,0.0273,0.0319,0.0501,0.06509999999999999,0.08109999999999999,0.109,0.1723,0.2087,0.25120000000000003,0.3118,0.3979,0.5051,0.5935,0.6876000000000001,0.7259,0.7402,0.7483,0.7539,0.7578,0.7617,0.7665000000000001,0.775,0.7834,0.8055,0.8177,0.8219,0.8234,0.8242,0.8245999999999999,0.8249
Europe / France / Ile De France,0.0,0.0,0.0,0.0,0.0,0.0,0.0,0.0,0.0,0.0,0.0,0.0,0.0,0.0,0.0,0.0,0.0,0.0,0.0,0.0,0.0,0.0,0.0,0.0,0.0,0.0,0.0,0.0,0.0,0.0,0.0,0.0038,0.0176,0.028999999999999998,0.0365,0.0466,0.0675,0.0981,0.1335,0.1641,0.21489999999999998,0.2914,0.3764,0.4537,0.5028,0.5573,0.6154999999999999,0.6454000000000001,0.6634,0.6748000000000001,0.6827,0.6896,0.6984,0.7132999999999999,0.7298,0.7451000000000001,0.7592,0.7693000000000001,0.7765000000000001,0.7794,0.7805,0.7811
Europe / Denmark / Sjaelland,0.0,0.0,0.0,0.0,0.0,0.0,0.0,0.0,0.0,0.0,0.0,0.0,0.0,0.0,0.0,0.0,0.0,0.0,0.0,0.0,0.0,0.0,0.0,0.0,0.0,0.0,0.0,0.0,0.0,0.0,0.0042,0.0217,0.0273,0.0319,0.0501,0.06509999999999999,0.08109999999999999,0.109,0.1723,0.2087,0.25120000000000003,0.3118,0.3979,0.5051,0.5935,0.6876000000000001,0.7259,0.7402,0.7483,0.7539,0.7578,0.7617,0.7665000000000001,0.775,0.7834,0.8055,0.8177,0.8219,0.8234,0.8242,0.8245999999999999,0.8249
Europe / Denmark / Nordjylland,0.0,0.0,0.0,0.0,0.0,0.0,0.0,0.0,0.0,0.0,0.0,0.0,0.0,0.0,0.0,0.0,0.0,0.0,0.0,0.0,0.0,0.0,0.0,0.0,0.0,0.0,0.0,0.0,0.0,0.0,0.0042,0.0217,0.0273,0.0319,0.0501,0.06509999999999999,0.08109999999999999,0.109,0.1723,0.2087,0.25120000000000003,0.3118,0.3979,0.5051,0.5935,0.6876000000000001,0.7259,0.7402,0.7483,0.7539,0.7578,0.7617,0.7665000000000001,0.775,0.7834,0.8055,0.8177,0.8219,0.8234,0.8242,0.8245999999999999,0.8249
Europe / Germany / Hamburg,0.0,0.0,0.0,0.0,0.0,0.0,0.0,0.0,0.0,0.0,0.0,0.0,0.0,0.0,0.0,0.0,0.0,0.0,0.0,0.0,0.0,0.0,0.0,0.0,0.0,0.0,0.0,0.0,0.0,0.0,0.0032,0.0126,0.0217,0.030699999999999998,0.0409,0.054000000000000006,0.0662,0.0802,0.1137,0.1789,0.2676,0.3586,0.4313,0.5012,0.5563,0.5971,0.6196,0.6378,0.6535,0.6642,0.6735,0.6819,0.6916,0.7028,0.7155,0.7264,0.7413,0.7515999999999999,0.7584000000000001,0.7624,0.7646,0.7662
North America / USA / New York,0.0,0.0,0.0,0.0,0.0,0.0,0.0,0.0,0.0,0.0,0.0,0.0,0.0,0.0,0.0,0.0,0.0,0.0,0.0,0.0,0.0,0.0,0.0,0.0,0.0,0.0,0.0,0.0,0.0,0.0,0.0091,0.026699999999999998,0.06,0.087,0.1242,0.2069,0.2866,0.3566,0.4252,0.4673,0.49979999999999997,0.537,0.5533,0.5657,0.5779,0.5911,0.6081666666666666,0.6256,0.6413,0.655,0.6672,0.6761,0.68392,0.7041,0.714775,0.725,0.7363,0.7454999999999999,0.7525,0.7570999999999999,0.76,0.7626000000000001
Asia / India / Telangana,0.0,0.0,0.0,0.0,0.0,0.0,0.0,0.0,0.0,0.0,0.0,0.0,0.0,0.0,0.0,0.0,0.0,0.0,0.0,0.0,0.0,0.0,0.0,0.0,0.0,0.0,0.0,0.0,0.0,0.0,0.0,0.0,0.0007000000000000001,0.0027,0.0054,0.0075,0.0118,0.0197,0.0291,0.030899999999999997,0.0336,0.039599999999999996,0.0526,0.067,0.08109999999999999,0.09300000000000001,0.1142,0.1454,0.17679999999999998,0.20149999999999998,0.23620000000000002,0.2657,0.3147,0.36939999999999995,0.4144,0.4532,0.49119999999999997,0.5243,0.5547,0.575,0.5881000000000001,0.5978666666666667
Oceania / Australia / Queensland,0.0,0.0,0.0,0.0,0.0,0.0,0.0,0.0,0.0,0.0,0.0,0.0,0.0,0.0,0.0,0.0,0.0,0.0,0.0,0.0,0.0,0.0,0.0,0.0,0.0,0.0,0.0,0.0,0.0,0.0,0.0,0.0,0.0,0.0,0.0008,0.0032,0.0072,0.0101,0.0129,0.0194,0.0336,0.057300000000000004,0.0902,0.1303,0.1804,0.242,0.3073,0.3762,0.45630000000000004,0.5569,0.6409999999999999,0.693,0.7253000000000001,0.7473000000000001,0.7639,0.7719,0.7798,0.7867000000000001,0.792,0.7959,0.8125,0.8256
Europe / Belgium / Ghent,0.0,0.0,0.0,0.0,0.0,0.0,0.0,0.0,0.0,0.0,0.0,0.0,0.0,0.0,0.0,0.0,0.0,0.0,0.0,0.0,0.0,0.0,0.0,0.0,0.0,0.0,0.0,0.0,0.0,0.0,0.0001,0.0106,0.0263,0.032400000000000005,0.0412,0.0529,0.0661,0.07629999999999999,0.12380000000000001,0.1873,0.27399999999999997,0.3373,0.42590000000000006,0.5415,0.6377,0.6825,0.7106,0.7206999999999999,0.7299,0.7359,0.7411,0.7453,0.7502,0.7543000000000001,0.758,0.7598999999999999,0.7619,0.768,0.7783,0.7820999999999999,0.7844,0.7853
North America / USA / West Virginia,0.0,0.0,0.0,0.0,0.0,0.0,0.0,0.0,0.0,0.0,0.0,0.0,0.0,0.0,0.0,0.0,0.0,0.0,0.0,0.0,0.0,0.0,0.0,0.0,0.0,0.0,0.0,0.0,0.0,0.0,0.0218,0.057999999999999996,0.09326666666666666,0.1278,0.1595,0.2116,0.266,0.3089,0.3283,0.34009999999999996,0.3543,0.36950000000000005,0.38689999999999997,0.38939999999999997,0.3918,0.3946,0.39786666666666665,0.40149999999999997,0.405,0.40840000000000004,0.4104,0.4117,0.41534,0.4819,0.5487500000000001,0.5539999999999999,0.5594,0.5633,0.5664,0.5687,0.5706,0.5720000000000001
North America / Canada / Ontario,0.0,0.0,0.0,0.0,0.0,0.0,0.0,0.0,0.0,0.0,0.0,0.0,0.0,0.0,0.0,0.0,0.0,0.0,0.0,0.0,0.0,0.0,0.0,0.0,0.0,0.0,0.0,0.0,0.0,0.0001,0.0015,0.004699999999999999,0.011200000000000002,0.0152,0.017,0.0192,0.0246,0.0305,0.0382,0.0545,0.12279999999999999,0.2647,0.4314,0.5505,0.6161,0.6537000000000001,0.6773,0.6942,0.713,0.7284,0.7429000000000001,0.7533,0.7615000000000001,0.767,0.7714,0.7757,0.7835,0.7972,0.8083,0.8134999999999999,0.8167,0.8195
Europe / France / Nouvelle Aquitaine,0.0,0.0,0.0,0.0,0.0,0.0,0.0,0.0,0.0,0.0,0.0,0.0,0.0,0.0,0.0,0.0,0.0,0.0,0.0,0.0,0.0,0.0,0.0,0.0,0.0,0.0,0.0,0.0,0.0,0.0,0.0,0.0038,0.0176,0.028999999999999998,0.0365,0.0466,0.0675,0.0981,0.1335,0.1641,0.21489999999999998,0.2914,0.3764,0.4537,0.5028,0.5573,0.6154999999999999,0.6454000000000001,0.6634,0.6748000000000001,0.6827,0.6896,0.6984,0.7132999999999999,0.7298,0.7451000000000001,0.7592,0.7693000000000001,0.7765000000000001,0.7794,0.7805,0.7811
North America / USA / Utah,0.0,0.0,0.0,0.0,0.0,0.0,0.0,0.0,0.0,0.0,0.0,0.0,0.0,0.0,0.0,0.0,0.0,0.0,0.0,0.0,0.0,0.0,0.0,0.0,0.0,0.0,0.0,0.0,0.0,0.0,0.006500000000000001,0.0275,0.045649999999999996,0.0663,0.0955,0.1306,0.1946,0.2438,0.2897,0.32030000000000003,0.3418,0.3667,0.38079999999999997,0.4422,0.4543,0.4671,0.48146666666666665,0.4954,0.5092,0.5246,0.5357999999999999,0.545,0.5528799999999999,0.5710000000000001,0.584175,0.5928,0.6015999999999999,0.6112,0.6309333333333333,0.6333,0.636,0.6394
Europe / France / Auvergne Rhone Alpes,0.0,0.0,0.0,0.0,0.0,0.0,0.0,0.0,0.0,0.0,0.0,0.0,0.0,0.0,0.0,0.0,0.0,0.0,0.0,0.0,0.0,0.0,0.0,0.0,0.0,0.0,0.0,0.0,0.0,0.0,0.0,0.0038,0.0176,0.028999999999999998,0.0365,0.0466,0.0675,0.0981,0.1335,0.1641,0.21489999999999998,0.2914,0.3764,0.4537,0.5028,0.5573,0.6154999999999999,0.6454000000000001,0.6634,0.6748000000000001,0.6827,0.6896,0.6984,0.7132999999999999,0.7298,0.7451000000000001,0.7592,0.7693000000000001,0.7765000000000001,0.7794,0.7805,0.7811
North America / USA / Florida,0.0,0.0,0.0,0.0,0.0,0.0,0.0,0.0,0.0,0.0,0.0,0.0,0.0,0.0,0.0,0.0,0.0,0.0,0.0,0.0,0.0,0.0,0.0,0.0,0.0,0.0,0.0,0.0,0.0,0.0,0.0072,0.029300000000000003,0.06620000000000001,0.09519999999999999,0.133,0.1794,0.24309999999999998,0.2986,0.3543,0.38880000000000003,0.4167,0.4486,0.4696,0.48460000000000003,0.4959,0.5156000000000001,0.5376333333333333,0.5584,0.5742,0.5882999999999999,0.5975,0.6053000000000001,0.61264,0.624,0.63095,0.6381,0.6478,0.6531999999999999,0.6575666666666666,0.6607,0.6631,0.665
North America / USA / Ohio,0.0,0.0,0.0,0.0,0.0,0.0,0.0,0.0,0.0,0.0,0.0,0.0,0.0,0.0,0.0,0.0,0.0,0.0,0.0,0.0,0.0,0.0,0.0,0.0,0.0,0.0,0.0,0.0,0.0,0.0,0.0060999999999999995,0.024399999999999998,0.0556,0.0944,0.1386,0.18780000000000002,0.2632,0.3323,0.37689999999999996,0.40149999999999997,0.42119999999999996,0.44329999999999997,0.455,0.4618,0.46909999999999996,0.47759999999999997,0.4872666666666666,0.4961,0.5039,0.5123,0.5188,0.5242,0.52974,0.5428000000000001,0.5497,0.5574,0.5647,0.5702,0.5744333333333334,0.5772999999999999,0.5793,0.5809000000000001
Europe / Switzerland / Basel Landschaft,0.0,0.0,0.0,0.0,0.0,0.0,0.0,0.0,0.0,0.0,0.0,0.0,0.0,0.0,0.0,0.0,0.0,0.0,0.0,0.0,0.0,0.0,0.0,0.0,0.0,0.0,0.0,0.0,0.0,0.0,0.0005,0.0055000000000000005,0.0199,0.0388,0.0541,0.0694,0.08900000000000001,0.1137,0.1508,0.2116,0.28190000000000004,0.3528,0.4288,0.48840000000000006,0.5127,0.5305,0.5461,0.5645,0.5871,0.6158,0.6371,0.6481999999999999,0.6552,0.6618,0.6674,0.6724,0.6776000000000001,0.6811,0.685,0.6866,0.6872,0.6876000000000001
North America / Canada / Alberta,0.0,0.0,0.0,0.0,0.0,0.0,0.0,0.0,0.0,0.0,0.0,0.0,0.0,0.0,0.0,0.0,0.0,0.0,0.0,0.0,0.0,0.0,0.0,0.0,0.0,0.0,0.0,0.0,0.0,0.0001,0.0015,0.004699999999999999,0.011200000000000002,0.0152,0.017,0.0192,0.0246,0.0305,0.0382,0.0545,0.12279999999999999,0.2647,0.4314,0.5505,0.6161,0.6537000000000001,0.6773,0.6942,0.713,0.7284,0.7429000000000001,0.7533,0.7615000000000001,0.767,0.7714,0.7757,0.7835,0.7972,0.8083,0.8134999999999999,0.8167,0.8195
Europe / Norway / Viken,0.0,0.0,0.0,0.0,0.0,0.0,0.0,0.0,0.0,0.0,0.0,0.0,0.0,0.0,0.0,0.0,0.0,0.0,0.0,0.0,0.0,0.0,0.0,0.0,0.0,0.0,0.0,0.0,0.0,0.0,0.0004,0.009000000000000001,0.0195,0.0407,0.0508,0.0553,0.0584,0.07150000000000001,0.1116,0.1898,0.2525,0.2863,0.2955,0.3218,0.36219999999999997,0.4743,0.6065999999999999,0.6537000000000001,0.6734,0.6812,0.6873999999999999,0.6931,0.7017,0.7112999999999999,0.7175,0.722,0.7282,0.7329000000000001,0.7352,0.7361,0.7367,0.7372
Oceania / Australia / Victoria,0.0,0.0,0.0,0.0,0.0,0.0,0.0,0.0,0.0,0.0,0.0,0.0,0.0,0.0,0.0,0.0,0.0,0.0,0.0,0.0,0.0,0.0,0.0,0.0,0.0,0.0,0.0,0.0,0.0,0.0,0.0,0.0,0.0,0.0,0.0008,0.0032,0.0072,0.0101,0.0129,0.0194,0.0336,0.057300000000000004,0.0902,0.1303,0.1804,0.242,0.3073,0.3762,0.45630000000000004,0.5569,0.6409999999999999,0.693,0.7253000000000001,0.7473000000000001,0.7639,0.7719,0.7798,0.7867000000000001,0.792,0.7959,0.8125,0.8256
Europe / United Kingdom / Scotland,0.0,0.0,0.0,0.0,0.0,0.0,0.0,0.0,0.0,0.0,0.0,0.0,0.0,0.0,0.0,0.0,0.0,0.0,0.0,0.0,0.0,0.0,0.0,0.0,0.0,0.0,0.0,0.0,0.0,0.0005,0.001,0.002,0.0068000000000000005,0.0217,0.0412,0.08349999999999999,0.13849999999999998,0.2427,0.2998,0.374,0.4476,0.4925,0.5293,0.5657,0.6114,0.6535,0.6836,0.6972,0.7038,0.7098,0.715,0.7188,0.7223999999999999,0.7274,0.7332,0.7406999999999999,0.7515999999999999,0.7568,0.7595000000000001,0.7615000000000001,0.7626076923076923,0.7641
North America / USA / California,0.0,0.0,0.0,0.0,0.0,0.0,0.0,0.0,0.0,0.0,0.0,0.0,0.0,0.0,0.0,0.0,0.0,0.0,0.0,0.0,0.0,0.0,0.0,0.0,0.0,0.0,0.0,0.0,0.0,0.0,0.009000000000000001,0.020499999999999997,0.05,0.08470000000000001,0.1261,0.1777,0.2505,0.3165,0.3835,0.4303,0.4637,0.49369999999999997,0.5106,0.5234000000000001,0.5361,0.5493,0.5643333333333334,0.5788,0.593,0.6031,0.6131,0.622,0.63064,0.645888,0.658796,0.671704,0.684612,0.6943,0.7016333333333333,0.7062999999999999,0.7095,0.7118000000000001
Europe / United Kingdom / Wales,0.0,0.0,0.0,0.0,0.0,0.0,0.0,0.0,0.0,0.0,0.0,0.0,0.0,0.0,0.0,0.0,0.0,0.0,0.0,0.0,0.0,0.0,0.0,0.0,0.0,0.0,0.0,0.0,0.0,0.0,0.0002,0.0009,0.013500000000000002,0.057999999999999996,0.1092,0.1475,0.1902,0.2433,0.2894,0.3514,0.4368,0.5133,0.5781000000000001,0.6315999999999999,0.6673,0.6829999999999999,0.6912999999999999,0.6984999999999999,0.7021,0.7053,0.708,0.7108,0.7141,0.7195999999999999,0.7249000000000001,0.7339,0.7439,0.7486,0.7513,0.7537,0.7559999999999999,0.7578
Europe / United Kingdom / England,0.0,0.0,0.0,0.0,0.0,0.0,0.0,0.0,0.0,0.0,0.0,0.0,0.0,0.0,0.0,0.0,0.0,0.0,0.0,0.0,0.0,0.0,0.0,0.0,0.0,0.0,0.0,0.0,0.0,0.0066,0.0078000000000000005,0.0083,0.0091,0.0141,0.0287,0.0768,0.1506,0.22940000000000002,0.3037,0.38409999999999994,0.449,0.48479999999999995,0.5164,0.5514,0.5836,0.6175999999999999,0.6428,0.6586,0.6668000000000001,0.6726000000000001,0.6776000000000001,0.6823999999999999,0.6872,0.6938,0.7016,0.7081000000000001,0.7148,0.7209,0.7256,0.7291,0.7323000000000001,0.735
